latitude,longitude
15.175,76.681
17.608,83.202
18.724,79.537
19.964,79.335
20.795,85.252
20.951,86.048
20.965,85.172
20.965,85.177
20.965,85.173
20.966,85.178
21.105,72.649
21.107,72.631
21.921,83.348
21.922,83.353
22.042,83.738
22.211,84.866
23.17,82.343
23.681,86.096
23.684,86.394
23.7,86.078
23.758,86.401
23.78,86.208
23.78,86.373
23.782,86.348
23.782,86.208
23.792,86.351
23.795,86.35
23.795,86.354
23.796,86.351
23.806,86.328
24.169,82.56
27.462,95.477
32.727,73.138
29.908,74.951
29.908,74.946
29.912,74.952
29.913,74.947
21.877,83.495
21.877,83.555
21.879,83.547
21.92,83.354
21.921,83.35
21.924,83.35
21.979,83.239
21.984,83.231
22.02,83.38
22.024,83.381
22.032,83.746
22.034,83.362
22.039,83.354
22.041,83.739
22.052,88.126
22.057,88.122
22.058,83.725
22.058,83.723
22.066,88.124
22.208,84.862
22.211,84.848
22.211,84.868
22.212,84.863
22.214,84.868
22.323,82.538
22.323,82.662
22.331,82.531
22.332,82.608
22.332,82.604
22.335,82.648
22.359,87.291
22.364,87.016
22.472,91.734
22.478,91.735
22.536,91.698
22.538,91.701
23.166,82.341
23.166,82.337
23.169,82.345
23.169,82.342
23.513,87.278
23.547,86.545
23.555,87.241
23.559,87.242
23.561,87.229
23.563,87.091
23.612,86.792
23.613,86.788
23.667,86.921
23.675,86.106
23.675,86.084
23.679,86.085
23.68,86.399
23.681,86.394
23.682,86.091
23.685,86.395
23.686,86.389
23.687,87.119
23.69,86.39
23.691,87.124
23.691,87.099
23.692,87.12
23.692,87.116
23.693,87.112
23.694,90.512
23.695,87.104
23.695,87.125
23.701,86.074
23.702,86.075
23.717,86.442
23.72,86.448
23.727,86.446
23.728,86.45
23.731,85.023
23.737,85.009
23.741,85.01
23.748,86.422
23.756,86.402
23.757,86.396
23.76,86.402
23.761,86.397
23.762,86.392
23.766,86.392
23.77,86.393
23.77,86.201
23.771,86.388
23.773,86.209
23.773,86.207
23.774,86.394
23.774,86.204
23.775,86.389
23.775,86.366
23.776,86.213
23.777,86.21
23.777,86.208
23.778,86.395
23.778,86.373
23.779,86.39
23.779,86.345
23.781,86.211
23.781,86.208
23.782,86.396
23.782,86.206
23.782,86.373
23.783,86.39
23.783,86.346
23.785,86.335
23.786,86.307
23.79,86.353
23.794,86.354
23.795,86.348
23.796,86.237
23.797,87.048
23.801,87.049
23.802,87.045
23.803,86.327
23.804,86.322
23.805,84.843
23.807,86.328
23.809,86.318
23.823,85.497
23.826,85.502
23.827,85.498
24.169,82.561
24.579,74.804
24.66,74.633
24.661,74.636
24.661,74.631
24.714,75.952
24.762,74.608
24.765,74.605
26.272,74.189
19.788,79.147
19.922,79.115
19.962,79.336
20.514,85.725
20.697,78.635
20.786,85.268
20.787,85.263
20.959,85.186
20.96,85.181
20.961,85.175
20.962,85.17
20.962,85.192
20.963,85.186
20.963,85.181
20.964,85.155
20.964,85.176
20.965,85.171
20.966,85.166
20.967,85.161
20.97,85.146
20.97,85.167
20.971,85.162
20.974,85.168
20.978,85.148
21.103,72.645
21.104,72.629
21.107,72.646
21.109,72.629
21.179,81.385
21.183,81.382
21.188,81.39
21.233,79.631
21.245,79.222
21.245,81.77
21.308,81.593
21.312,81.593
21.342,81.672
21.347,81.665
21.364,81.645
21.365,81.68
21.366,81.653
21.375,81.682
21.375,81.639
21.378,81.682
21.383,81.656
21.388,81.646
21.391,81.646
21.486,81.768
21.545,81.949
21.578,82.021
21.673,82.082
21.678,84.036
21.678,84.039
21.682,84.04
21.732,82.215
21.755,84.023
21.763,84.02
21.766,84.025
21.767,84.02
21.77,84.021
21.775,83.825
21.798,83.883
21.805,83.884
21.876,83.495
22.002,82.671
22.003,82.667
22.005,82.671
22.267,75.132
17.063,76.979
17.139,77.176
17.141,77.185
17.146,78.222
17.958,80.802
18.685,73.033
18.685,73.028
18.693,73.039
18.721,79.538
18.725,79.535
19.1,73.053
13.161,80.285
15.021,78.014
15.024,78.015
15.118,76.811
15.168,76.671
15.17,76.382
15.174,76.655
15.174,76.68
15.174,76.378
15.177,76.656
15.177,76.681
15.178,76.652
15.179,77.103
15.179,76.665
15.182,76.644
15.186,76.641
15.188,76.654
15.225,76.766
15.226,76.762
15.334,76.286
15.335,76.278
15.339,76.278
15.526,73.994
15.658,73.99
15.178,76.679
20.952,86.05
20.962,86.008
21.107,72.648
22.054,88.123
23.561,87.241
23.684,86.395
23.685,86.085
23.687,86.391
23.704,86.074
23.759,86.402
23.775,86.21
23.781,86.347
23.781,86.394
23.782,86.209
23.786,86.334
23.793,86.353
23.796,86.352
23.802,87.047
23.803,86.331
23.806,86.331
23.825,85.499
29.912,74.948
29.912,74.95
21.105,72.646
21.109,72.649
26.522,90.535
27.459,95.478
27.606,95.4
29.909,74.954
29.909,74.956
29.91,74.949
29.91,74.95
29.91,74.943
29.91,74.945
22.051,88.127
22.052,88.123
22.055,88.127
22.056,88.123
22.063,88.12
22.359,87.29
22.363,87.017
22.364,87.303
22.364,87.299
22.366,87.017
22.375,87.28
22.379,87.281
22.477,91.734
22.587,85.906
22.591,85.903
22.788,86.198
22.789,86.21
22.79,86.206
22.791,86.199
22.793,86.21
22.796,86.207
22.797,86.204
22.798,86.2
22.858,86.057
23.167,82.339
23.17,82.344
23.63,86.293
23.666,84.997
23.669,84.997
23.669,86.092
23.67,84.99
23.673,86.112
23.677,86.086
23.678,86.399
23.682,86.396
23.682,86.095
23.683,86.392
23.683,86.091
23.684,86.083
23.686,86.393
23.69,86.389
23.715,86.444
23.719,86.441
23.721,86.449
23.729,86.439
23.757,85.854
23.778,86.39
23.989,79.391
24.66,74.631
19.787,79.149
19.962,79.335
19.965,79.333
20.806,85.257
20.939,86.061
20.942,86.061
20.951,86.047
20.962,85.171
20.967,86.012
20.975,86.006
21.105,72.647
21.105,72.642
21.106,72.63
21.106,72.631
21.113,72.632
21.194,81.393
21.247,79.223
21.31,81.589
21.345,81.666
21.366,81.679
21.374,81.68
21.375,81.642
21.375,81.683
21.376,81.678
21.377,81.681
21.38,81.679
21.383,81.655
21.39,81.645
21.487,81.768
21.671,82.082
21.677,84.037
21.68,84.041
21.68,84.037
21.683,84.042
21.731,82.215
21.755,83.843
21.755,83.839
21.756,84.026
21.756,84.022
21.758,83.843
21.762,83.844
21.763,84.019
21.766,84.024
21.77,84.02
21.775,83.826
21.798,83.882
21.804,83.887
21.875,83.496
21.916,83.354
21.92,83.35
21.923,83.351
21.925,83.339
21.929,85.222
21.93,85.218
21.978,83.239
21.986,83.232
22.002,82.667
22.004,82.67
22.005,82.666
22.008,83.328
22.02,83.378
22.024,83.379
22.034,83.36
22.038,83.352
22.042,83.737
22.054,85.464
22.054,83.727
22.058,83.724
22.098,84.376
22.132,85.417
22.134,85.383
22.204,84.577
22.207,84.867
22.208,84.86
22.21,84.849
22.211,84.864
22.211,84.841
22.214,84.869
22.219,84.877
22.267,75.131
22.314,84.767
22.322,82.659
22.323,82.661
22.324,82.674
22.325,82.595
22.33,82.533
22.331,82.604
22.338,82.648
16.871,80.024
17.064,76.978
17.144,78.225
17.601,83.199
17.603,83.198
17.605,83.203
17.609,83.203
17.612,83.204
18.721,79.535
19.103,73.054
13.159,80.285
14.587,78.58
14.606,78.522
15.024,78.013
15.168,76.668
15.171,76.666
15.171,76.378
15.174,76.659
15.174,76.654
15.176,76.661
15.177,77.104
15.177,76.651
15.182,76.652
15.183,76.642
15.225,76.764
15.523,73.996
15.658,73.986
29.905,74.955
29.908,74.945
29.908,74.957
29.909,74.952
29.911,74.947
22.365,73.116
24.662,74.635
24.69,73.001
24.821,73.094
18.681,73.036
21.101,72.647
21.103,72.642
21.105,72.631
21.108,72.649
21.109,72.644
21.11,72.638
21.111,72.633
21.68,84.04
21.76,83.845
21.922,83.352
22.797,86.205
22.798,86.209
22.799,86.206
23.681,86.085
23.683,86.095
23.752,86.417
23.76,86.401
23.766,86.395
23.777,86.389
23.781,86.392
23.783,86.21
23.793,86.352
23.8,87.048
23.803,86.328
23.804,86.331
24.242,78.162
18.857,72.926
21.105,72.648
21.108,72.632
26.064,93.929
26.794,94.69
27.47,95.423
27.605,95.403
22.538,91.699
23.548,86.548
23.554,87.239
23.558,87.239
23.611,87.149
23.615,86.862
23.617,86.789
23.664,86.918
23.668,86.919
23.669,86.094
23.678,86.401
23.679,86.396
23.68,86.096
23.681,86.092
23.683,86.391
23.687,86.392
23.688,86.387
23.715,86.443
23.718,86.448
23.719,86.443
23.722,86.449
23.723,86.439
23.727,86.439
23.733,86.425
23.744,86.427
23.748,86.424
23.748,86.419
23.75,86.417
23.752,86.42
23.753,86.414
23.753,86.418
23.755,86.399
23.756,86.398
23.758,86.405
23.759,86.4
23.759,86.403
23.759,86.395
23.76,86.398
23.76,86.393
23.761,86.416
23.763,86.395
23.764,86.39
23.764,86.394
23.767,86.396
23.768,86.391
23.768,86.386
23.771,86.391
23.772,86.386
23.775,86.209
23.775,86.392
23.776,86.387
23.778,86.21
23.779,86.393
23.78,86.388
23.781,86.346
23.782,86.372
23.782,86.21
23.783,86.393
23.783,86.205
23.786,86.337
23.786,86.305
23.787,86.331
23.789,86.374
23.792,86.353
23.796,86.354
23.797,86.343
23.803,86.329
23.806,86.329
23.807,86.324
23.808,86.319
23.808,86.314
23.826,85.5
20.257,86.599
20.515,85.725
20.516,85.724
20.785,85.26
20.785,85.264
20.785,85.258
20.788,85.266
20.789,85.261
20.789,85.264
20.789,85.259
20.793,85.256
20.794,85.251
20.794,85.254
20.805,85.258
20.867,84.994
20.885,84.98
20.944,86.057
20.953,86.048
20.97,86.002
20.973,86.007
20.977,85.133
21.076,85.037
21.08,85.038
21.679,84.036
21.682,84.041
21.685,85.436
21.753,84.023
21.756,83.841
21.757,84.023
21.761,83.842
21.762,84.02
21.765,84.025
21.766,84.02
21.878,83.553
21.919,83.353
21.92,83.348
21.924,83.348
21.931,85.221
22.04,83.74
22.049,88.101
22.052,88.101
22.053,88.122
22.055,85.463
22.055,85.467
22.059,83.726
22.083,84.862
22.133,85.381
22.207,84.859
22.209,84.847
22.211,84.863
22.224,84.757
22.224,84.753
22.245,87.39
22.325,82.661
22.362,87.016
22.365,87.301
22.366,87.016
22.591,85.904
22.787,86.202
22.789,86.212
22.79,86.207
22.791,86.202
22.791,86.197
22.798,86.09
22.798,86.208
22.798,86.204
22.801,86.091
22.81,86.087
22.873,86.062
23.165,82.339
23.167,82.338
23.17,82.339
17.144,78.224
17.611,83.206
18.719,79.537
19.789,79.146
19.921,79.114
19.963,79.333
13.16,80.281
13.162,80.283
14.607,78.522
15.022,78.011
15.023,78.012
15.074,76.865
15.169,76.377
15.172,76.656
15.174,76.658
15.174,76.653
15.177,76.677
15.179,76.675
15.179,76.656
15.179,77.101
15.181,76.654
32.726,72.818
26.878,73.515
24.581,74.805
24.659,74.634
24.692,73.005
19.785,79.147
19.788,79.149
21.104,72.652
21.108,72.631
21.155,72.738
15.172,76.66
15.175,76.376
15.175,76.661
15.177,76.655
15.178,76.681
15.178,76.662
15.18,76.655
18.684,73.036
18.685,73.03
18.693,73.041
20.794,85.255
20.965,85.176
22.211,84.877
27.469,95.423
15.174,76.681
18.691,73.042
21.104,72.645
21.108,72.645
21.11,72.632
29.91,74.948
26.809,94.696
27.376,95.089
23.512,87.276
23.529,85.697
23.55,86.544
23.555,87.24
23.612,86.789
23.632,86.293
23.665,86.92
23.678,86.084
23.681,86.399
23.681,86.392
23.683,86.094
23.687,86.39
23.687,86.386
23.688,87.099
23.689,87.122
23.691,87.123
23.692,87.099
23.692,87.111
23.692,86.387
23.694,87.123
23.695,87.117
23.696,87.123
23.696,87.105
23.701,86.072
23.717,86.447
23.718,86.444
23.718,86.44
23.723,86.448
23.723,86.441
23.728,86.442
23.735,86.423
23.74,86.423
23.745,85.504
23.746,86.424
23.751,86.418
23.752,86.415
23.758,86.402
23.758,85.855
23.759,86.399
23.759,85.852
23.759,86.396
23.759,86.392
23.76,86.399
23.761,86.395
23.761,86.392
23.764,86.393
23.765,86.39
23.766,86.393
23.766,86.389
23.769,86.394
23.77,86.39
23.771,86.393
23.771,86.39
23.772,86.387
23.775,86.391
23.775,86.388
23.776,86.384
23.777,86.391
23.777,86.387
23.778,86.208
23.778,86.371
23.78,86.344
23.781,86.395
23.782,86.391
23.782,86.388
23.783,86.206
23.783,86.209
23.784,86.371
23.787,86.335
23.79,86.305
23.791,86.352
23.796,86.353
23.799,87.048
23.803,86.33
23.804,86.327
23.81,86.317
23.81,86.314
20.786,85.262
20.786,85.259
20.792,85.253
20.798,85.253
20.806,85.254
20.808,85.254
20.888,84.98
20.944,86.055
20.945,86.054
20.95,86.049
20.95,86.046
20.961,85.192
20.962,85.189
20.963,85.178
20.963,85.174
20.963,85.171
20.964,85.167
20.964,86.006
20.965,86.051
20.969,85.171
20.969,85.168
20.97,86.001
20.971,85.146
20.974,85.172
20.975,85.168
20.975,86.004
20.975,85.165
20.977,85.147
20.978,85.132
21.932,85.219
21.99,85.324
22.054,88.126
22.055,88.122
22.134,85.381
22.365,87.299
22.377,87.278
22.782,86.204
22.787,86.208
22.788,86.201
22.798,86.206
22.799,86.089
22.804,86.089
22.855,86.055
22.856,86.055
22.876,86.061
13.162,80.281
32.719,72.774
32.725,73.139
27.669,76.132
29.907,74.955
29.907,74.948
29.908,74.95
29.908,74.944
29.909,74.946
29.909,74.958
29.91,74.954
29.911,74.949
29.911,74.951
29.912,74.944
29.912,74.946
21.733,82.214
21.757,84.025
24.663,74.634
24.689,73.002
24.823,73.092
26.875,73.517
21.107,72.644
21.11,72.631
21.112,72.636
21.486,81.769
21.675,82.082
17.147,78.223
17.957,80.797
18.684,73.032
13.16,80.286
13.161,80.281
14.587,78.582
14.588,78.579
15.07,76.868
15.071,76.865
15.119,76.81
15.173,76.38
15.175,76.659
15.175,76.656
15.176,76.681
15.176,76.653
15.178,76.666
15.179,76.663
15.18,77.103
15.185,76.658
15.186,76.655
15.226,76.763
15.657,73.989
23.705,86.074
15.174,76.66
15.196,76.379
18.859,72.927
20.796,85.254
20.966,86.014
21.076,85.042
21.105,72.645
21.106,72.649
21.107,72.632
23.56,87.241
23.684,86.393
23.78,86.21
23.792,86.354
23.807,86.33
29.907,74.952
29.911,74.952
27.606,95.402
23.69,87.119
23.691,87.107
23.697,87.12
23.722,86.444
23.729,86.438
23.751,86.42
23.759,86.393
23.766,86.388
23.773,86.388
23.774,86.382
23.778,86.204
23.78,86.389
23.797,86.35
23.805,86.33
23.805,86.323
20.794,85.252
20.798,85.251
20.808,85.253
20.946,86.052
20.953,86.047
20.963,85.187
20.963,85.179
20.964,85.172
20.972,85.165
21.078,85.038
21.078,85.03
21.931,85.216
21.933,85.221
22.052,88.122
22.058,88.123
22.065,88.119
22.213,84.869
22.213,84.873
22.366,87.299
22.368,87.018
22.369,87.017
22.381,87.278
22.788,86.196
22.801,86.204
22.802,86.204
22.802,86.088
22.803,86.089
23.559,87.239
23.559,87.238
23.559,87.233
23.612,86.786
23.616,86.787
23.667,86.916
23.675,86.086
23.676,86.087
23.677,86.08
23.682,86.087
23.683,86.08
23.683,86.395
23.684,86.388
23.684,86.08
23.69,86.388
23.693,87.114
23.693,87.108
23.721,86.445
23.728,86.439
23.75,86.415
23.761,85.85
23.773,86.39
23.773,86.383
23.779,86.206
31.328,76.895
32.718,72.776
27.669,76.13
29.911,74.945
29.913,74.95
22.053,88.128
22.054,88.122
22.055,88.128
22.056,88.122
22.057,85.465
22.063,88.124
22.204,84.846
22.212,84.864
22.367,87.017
22.368,87.016
22.376,87.28
22.379,87.279
22.595,85.904
22.785,86.206
22.786,86.202
22.787,86.198
22.797,86.21
22.798,86.205
22.8,86.092
22.801,86.089
22.874,86.063
23.168,82.345
23.169,82.344
23.169,82.34
23.483,87.361
23.53,85.7
23.548,86.546
23.558,87.237
23.614,86.787
23.616,86.789
23.618,86.86
23.632,86.294
23.68,86.398
23.68,86.396
23.681,86.393
23.681,86.084
23.686,86.395
23.687,86.393
23.688,86.389
23.701,86.076
23.702,86.072
23.708,86.074
23.728,86.448
23.747,86.421
23.757,86.405
23.758,86.4
23.774,86.207
23.774,86.386
23.775,86.202
23.777,86.396
23.778,86.392
23.779,86.208
23.782,86.374
23.783,86.347
23.783,86.37
23.784,86.393
23.786,86.306
23.793,86.354
23.794,86.35
23.797,86.236
23.805,86.332
23.806,86.325
23.808,86.317
23.824,85.501
24.052,80.615
24.691,73.003
24.765,74.609
24.82,73.093
24.934,74.635
26.272,74.188
26.874,73.517
19.786,79.147
19.922,79.114
20.696,78.638
20.786,85.267
20.788,85.265
20.791,85.253
20.795,85.256
20.796,85.258
20.796,85.252
20.797,85.254
20.806,85.259
20.807,85.255
20.808,85.257
20.865,84.993
20.868,84.996
20.869,84.991
20.942,86.054
20.943,86.055
20.96,85.172
20.962,85.19
20.964,85.182
20.964,85.177
20.966,86.011
20.966,85.169
20.967,85.165
20.968,85.161
20.969,86.016
20.97,86.011
20.973,86.002
20.973,85.167
20.974,86.004
20.978,85.146
21.074,85.044
21.075,85.04
21.078,85.042
21.082,85.037
21.103,72.647
21.107,72.647
21.109,72.632
21.235,79.632
21.244,79.224
21.673,82.08
21.681,84.04
21.681,84.037
21.73,82.215
21.756,84.023
21.762,84.021
21.766,84.026
21.768,84.019
21.781,83.832
21.803,83.883
21.876,83.494
21.879,83.554
21.93,85.222
22.002,82.669
22.003,82.668
22.007,82.671
22.007,82.67
22.042,83.739
22.054,85.466
22.055,83.729
22.203,84.847
17.14,77.184
17.604,83.2
17.608,83.204
17.609,83.201
18.682,73.038
18.682,73.034
18.683,73.031
18.684,73.042
18.685,73.038
18.685,73.035
18.686,73.031
18.691,73.043
18.692,73.04
18.719,79.535
18.722,79.536
18.723,79.535
19.102,73.052
15.023,78.014
15.168,76.379
15.171,76.686
15.172,76.38
15.172,76.658
15.172,76.375
15.176,76.682
15.176,76.658
15.177,76.654
15.185,76.651
15.334,76.285
15.526,73.993
15.659,73.99
18.724,79.538
18.857,72.928
18.861,72.927
20.792,85.26
20.795,85.255
20.95,86.048
20.951,86.049
20.962,85.173
20.962,85.177
20.967,85.176
20.969,86.015
20.972,85.148
21.078,85.043
21.109,72.648
21.182,81.381
22.064,88.122
22.064,88.125
22.215,84.87
22.786,86.204
22.789,86.207
22.79,86.199
23.681,86.094
23.685,86.39
23.76,86.404
23.761,86.402
23.78,86.375
23.781,86.21
24.17,82.559
27.375,95.087
27.471,95.423
29.907,74.943
29.91,74.953
29.911,74.948
29.911,74.944
22.786,86.208
22.787,86.203
22.788,86.199
22.789,86.194
22.79,86.209
22.793,86.195
22.796,86.206
22.797,86.201
22.8,86.207
22.801,86.09
23.481,87.356
23.485,87.363
23.55,86.547
23.558,87.241
23.559,87.236
23.566,87.09
23.61,87.148
23.612,87.145
23.613,86.79
23.614,86.785
23.658,85.505
23.668,86.921
23.668,86.091
23.679,86.084
23.679,86.4
23.68,86.098
23.681,86.391
23.683,86.085
23.685,86.396
23.685,86.392
23.687,87.121
23.691,86.389
23.692,87.123
23.693,87.118
23.694,87.113
23.695,87.108
23.705,86.075
23.706,86.071
23.707,86.073
23.716,86.442
23.719,86.447
23.721,85.008
23.726,86.439
23.728,86.449
23.731,85.022
23.734,86.422
23.737,85.012
23.738,85.008
23.741,85.013
23.742,85.009
23.745,85.507
23.746,86.425
23.748,86.423
23.753,86.417
23.757,86.395
23.757,86.402
23.758,86.397
23.759,86.405
23.76,86.4
23.761,86.396
23.761,86.403
23.762,86.391
23.763,86.394
23.767,86.395
23.768,86.39
23.769,86.386
23.772,86.204
23.773,86.391
23.773,86.2
23.774,86.387
23.774,86.364
23.776,86.21
23.777,86.392
23.777,86.346
23.778,86.388
23.78,86.398
23.781,86.375
23.781,86.206
23.781,86.393
23.781,86.37
23.782,86.347
23.784,86.334
23.789,86.353
23.79,86.372
23.793,86.236
23.794,86.232
23.796,86.235
23.802,87.049
23.802,84.845
23.806,86.316
23.808,86.33
23.822,85.498
23.823,85.5
23.826,85.499
23.827,85.501
23.991,79.391
24.053,80.615
24.117,86.352
24.121,86.357
24.166,82.561
24.167,82.557
24.169,82.562
24.17,82.558
24.192,82.575
24.326,81.329
24.58,74.804
24.661,74.633
24.715,75.955
24.763,74.609
26.265,74.19
26.273,74.191
20.516,85.726
20.694,78.639
20.784,85.261
20.789,85.262
20.79,85.258
20.79,85.254
20.795,85.254
20.798,85.26
20.803,85.256
20.807,85.257
20.863,84.992
20.866,84.997
20.866,84.995
20.867,84.992
20.867,84.991
20.876,84.99
20.94,86.059
20.941,86.055
20.946,86.056
20.952,86.047
20.958,85.173
20.961,85.182
20.961,85.178
20.962,85.174
20.963,85.17
20.963,85.192
20.964,85.166
20.964,85.187
20.965,86.006
20.965,85.183
20.965,85.157
20.966,85.179
20.966,85.175
20.967,85.171
20.967,86.016
20.968,85.167
20.968,86.012
20.969,85.162
20.97,85.158
20.972,85.146
20.972,85.168
20.975,86.003
20.976,85.147
21.075,85.044
21.075,85.043
21.076,85.039
21.079,85.045
21.079,85.041
21.08,85.04
21.08,85.037
21.189,81.39
21.192,81.391
21.232,79.629
21.246,79.226
21.246,79.222
21.298,81.606
21.301,81.607
21.311,81.592
21.341,81.67
21.344,81.67
21.364,81.679
21.365,81.653
21.366,81.645
21.37,81.684
21.372,81.684
21.376,81.68
21.377,81.643
21.379,81.681
21.38,81.655
21.389,81.645
21.487,81.769
21.577,82.023
21.672,82.08
21.679,84.037
21.682,84.043
21.731,82.214
21.754,84.022
21.758,84.023
21.762,84.023
21.763,84.018
21.765,84.024
21.766,84.019
21.781,83.834
21.803,83.887
21.921,83.349
21.925,83.35
21.929,85.223
21.93,85.219
21.987,83.232
21.991,85.327
22.003,82.666
22.006,82.671
22.032,83.744
22.032,83.365
22.032,83.36
22.038,83.351
22.055,88.124
22.056,85.466
22.059,83.724
22.066,88.121
22.084,84.862
22.208,84.847
22.209,84.848
22.209,84.843
22.209,84.844
22.21,84.863
22.213,84.868
22.214,84.864
22.244,87.39
22.316,82.533
22.324,82.593
22.33,82.604
22.333,82.604
22.337,82.624
22.366,87.303
22.367,87.298
22.376,87.278
22.377,87.279
22.588,85.906
22.593,85.903
23.167,82.342
17.062,76.979
17.606,83.204
17.61,83.205
17.958,80.801
18.679,73.034
18.683,73.039
18.684,73.035
18.684,73.031
18.691,73.04
21.103,72.646
13.16,80.285
14.606,78.523
15.022,78.014
15.071,76.866
15.119,76.811
15.167,76.675
15.17,76.381
15.173,76.378
15.173,76.657
15.174,76.679
15.177,76.658
15.177,76.68
15.178,76.673
15.179,77.104
15.186,76.644
15.186,77.101
15.336,76.279
15.525,73.998
15.528,73.992
15.657,73.988
15.66,73.989
18.722,79.537
19.964,79.334
20.797,85.256
20.807,85.258
20.87,84.995
20.964,85.174
20.965,85.178
20.968,85.162
21.076,85.045
21.921,83.352
22.209,84.864
22.211,84.875
22.213,84.867
21.108,72.647
23.668,86.918
23.68,86.084
23.681,86.398
23.776,86.388
23.787,86.334
23.793,86.355
23.805,86.331
24.168,82.561
29.912,74.951
27.461,95.476
27.468,95.422
27.534,95.4
27.604,95.402
29.906,74.956
29.907,74.944
29.909,74.955
29.91,74.946
23.483,87.36
23.484,87.356
23.508,87.281
23.516,87.273
23.554,87.241
23.559,87.237
23.563,87.089
23.611,87.147
23.612,86.79
23.616,86.791
23.625,85.642
23.634,86.299
23.661,86.444
23.664,86.92
23.665,86.916
23.668,86.094
23.676,86.401
23.677,86.087
23.677,86.083
23.677,86.104
23.681,86.39
23.682,86.097
23.683,86.093
23.684,86.085
23.685,86.081
23.685,86.391
23.688,86.391
23.688,87.122
23.689,86.388
23.689,87.096
23.693,87.115
23.694,87.11
23.694,87.106
23.695,87.124
23.698,85.278
23.699,85.275
23.718,86.443
23.721,86.448
23.721,85.01
23.725,86.44
23.727,86.449
23.729,85.004
23.729,86.437
23.73,85.02
23.732,85.024
23.736,86.422
23.738,85.013
23.738,85.01
23.741,85.014
23.742,85.01
23.742,86.423
23.746,85.506
23.751,86.416
23.751,85.856
23.754,86.417
23.757,86.401
23.757,86.397
23.758,85.854
23.759,86.406
23.761,86.398
23.761,86.418
23.761,86.394
23.765,86.394
23.767,86.402
23.768,86.395
23.768,86.394
23.769,86.391
23.769,86.39
23.77,86.387
23.77,86.386
23.772,86.207
23.772,86.395
23.772,86.203
23.773,86.387
23.775,86.212
23.775,86.208
23.776,86.391
23.779,86.396
23.779,86.376
23.779,86.392
23.779,86.372
23.78,86.347
23.782,86.397
23.783,86.372
23.783,86.348
23.785,86.34
23.786,86.336
23.786,86.332
23.787,86.307
23.788,86.303
23.79,86.37
23.795,86.236
23.796,86.233
23.796,86.236
23.798,86.343
23.801,86.327
23.802,86.323
23.802,84.844
23.803,86.315
23.806,84.844
23.806,86.315
23.808,87.037
23.808,84.848
23.81,86.316
23.821,85.497
23.824,85.498
23.827,85.502
23.842,85.305
24.119,86.354
24.162,82.559
24.165,82.559
24.187,82.576
24.191,82.576
24.206,82.714
24.206,82.71
24.207,82.706
24.326,81.327
26.268,74.189
26.273,74.189
26.298,74.124
26.64,79.477
26.644,79.478
20.245,86.598
20.514,85.724
20.784,85.256
20.786,85.264
20.787,85.261
20.789,85.269
20.791,85.257
20.792,85.254
20.798,85.259
20.805,85.256
20.809,85.256
20.863,84.996
20.864,84.992
20.867,84.996
20.868,84.989
20.871,84.993
20.875,84.99
20.943,86.056
20.947,85.008
20.952,86.049
20.957,85.146
20.958,85.185
20.958,85.142
20.958,85.182
20.96,85.174
20.96,85.17
20.96,85.19
20.961,85.166
20.962,85.178
20.963,86.006
20.963,85.175
20.964,85.171
20.964,85.191
20.966,85.159
20.966,85.156
20.968,85.168
20.968,86.015
20.969,85.16
20.969,86.011
20.971,85.149
20.971,85.168
20.971,85.145
20.974,85.169
20.976,85.138
20.977,85.13
21.073,85.042
21.076,85.043
21.077,85.039
21.077,85.035
21.078,85.031
21.08,85.039
21.081,85.036
21.188,81.393
21.189,81.389
21.19,81.392
21.247,79.225
21.299,81.607
21.343,81.672
21.36,81.65
21.363,81.651
21.364,81.647
21.365,81.679
21.366,81.68
21.368,81.643
21.37,81.642
21.371,81.684
21.375,81.68
21.378,81.639
21.382,81.657
21.489,81.768
21.543,81.947
21.543,81.948
21.546,81.947
21.577,82.021
21.673,82.081
21.68,84.036
21.683,84.041
21.73,82.213
21.754,84.023
21.755,83.841
21.757,84.024
21.758,83.842
21.761,84.021
21.762,83.842
21.764,84.025
21.764,84.021
21.765,84.018
21.767,84.026
21.768,84.018
21.771,84.022
21.78,83.834
21.805,83.888
21.876,83.497
21.878,83.554
21.915,83.355
21.919,83.351
21.923,83.352
21.923,83.348
21.924,83.341
21.925,83.337
21.929,85.221
21.969,85.315
21.985,83.233
22.005,82.67
22.007,83.328
22.023,83.38
22.031,83.744
22.032,83.363
22.033,83.359
22.037,83.352
22.05,88.102
22.05,88.104
22.053,85.464
22.054,88.125
22.056,85.465
22.058,83.726
22.066,88.122
22.131,85.415
22.133,85.384
22.204,84.849
22.208,84.869
22.208,84.845
22.209,84.861
22.209,84.88
22.212,84.865
22.212,84.862
22.214,84.87
22.215,84.866
22.222,84.759
22.316,82.524
22.323,82.663
22.324,82.659
22.325,82.675
22.332,82.605
22.332,82.534
22.336,82.65
22.36,87.29
22.36,87.018
22.364,87.019
22.367,87.019
22.378,87.29
22.589,85.907
22.593,85.904
22.788,86.197
22.79,86.21
22.796,86.194
22.799,86.199
22.799,86.093
22.8,86.089
22.811,86.087
22.857,86.058
22.874,86.062
23.166,82.339
23.671,84.99
24.66,74.634
24.661,74.63
24.716,75.95
24.761,74.607
24.762,74.606
24.822,73.092
17.602,83.198
17.608,83.203
17.623,83.195
17.956,80.802
18.68,73.042
18.681,73.034
18.682,73.043
18.682,73.039
18.683,73.035
18.686,73.042
18.686,73.038
18.686,73.035
18.688,73.04
18.688,73.036
18.692,73.039
18.722,79.535
18.726,79.536
18.803,74.26
19.785,79.146
19.921,79.113
19.961,79.332
19.961,79.335
19.964,79.333
20.698,78.634
21.108,72.63
15.022,78.016
15.119,76.812
15.168,76.378
15.172,76.379
15.173,76.668
15.174,76.656
15.175,76.68
15.178,77.104
15.178,76.657
15.179,76.653
15.185,76.641
15.224,76.763
15.333,76.288
17.14,77.175
29.903,74.955
29.909,74.957
29.913,74.945
24.823,73.094
21.107,72.629
21.107,72.627
21.11,72.644
21.11,72.642
20.962,85.175
20.962,85.172
20.963,85.177
20.972,86.002
22.053,88.123
23.561,87.242
23.68,86.087
23.682,86.096
23.725,86.442
23.788,86.334
24.17,82.56
24.244,78.162
18.859,72.929
21.108,72.633
29.91,74.952
27.468,95.424
29.912,74.947
26.639,79.476
26.639,79.472
26.639,79.475
26.645,79.477
20.784,85.262
20.787,85.267
20.788,85.262
20.792,85.258
20.793,85.254
20.796,85.259
20.796,85.255
20.799,85.26
20.804,85.256
20.807,85.256
20.885,84.982
20.943,86.057
20.951,86.05
20.952,86.046
20.958,85.183
20.959,85.174
20.961,85.188
20.961,85.184
20.962,85.179
20.964,85.193
20.964,85.189
20.966,85.18
20.966,85.176
20.967,86.011
20.97,85.149
20.971,85.172
20.971,85.167
20.972,86.003
20.975,86.008
20.976,86.004
20.978,85.145
20.98,85.132
21.074,85.045
21.077,85.045
21.078,85.041
21.079,85.036
21.079,85.032
21.183,81.381
21.195,81.398
21.296,81.605
21.343,81.669
21.346,81.666
21.367,81.679
21.376,81.641
21.383,81.657
21.389,81.648
21.486,81.77
21.68,84.042
21.753,83.841
21.754,84.024
21.757,83.842
21.758,84.024
21.918,83.352
21.922,83.349
21.981,83.24
22.004,82.672
22.004,82.668
22.007,83.329
22.027,83.367
22.032,83.364
22.037,83.353
22.052,88.127
22.053,85.463
22.056,88.124
22.056,83.724
22.134,85.384
22.203,84.849
22.207,84.85
22.207,84.845
22.209,84.86
22.21,84.88
22.223,84.759
22.244,87.391
22.244,87.387
22.314,82.525
22.314,82.521
22.322,82.66
22.325,82.674
22.325,82.596
22.336,82.649
22.356,87.29
22.36,87.291
22.361,87.018
22.365,87.015
22.365,87.3
22.378,87.282
22.381,87.286
22.476,91.735
22.537,91.699
22.59,85.905
22.593,85.906
22.789,86.206
22.789,86.201
22.79,86.197
22.792,86.21
22.797,86.198
22.798,86.089
22.809,86.087
22.813,86.087
22.874,86.061
23.482,87.361
23.483,87.357
23.512,87.277
23.516,87.272
23.559,87.243
23.56,87.239
23.561,87.231
23.613,86.791
23.632,86.295
23.665,86.922
23.666,85.001
23.666,86.917
23.666,84.996
23.667,86.093
23.67,84.997
23.672,86.934
23.676,86.085
23.678,86.088
23.678,86.402
23.678,86.083
23.679,86.398
23.68,86.093
23.682,86.084
23.682,86.09
23.683,86.394
23.683,86.39
23.683,86.082
23.685,86.089
23.688,87.12
23.69,86.391
23.691,87.1
23.691,86.387
23.691,87.121
23.693,87.113
23.693,87.109
23.694,87.105
23.694,87.125
23.698,86.073
23.708,86.075
23.718,85.009
23.719,86.444
23.72,86.44
23.723,86.44
23.726,85.007
23.727,86.441
23.729,86.45
23.73,85.008
23.731,86.437
23.732,86.424
23.735,85.023
23.737,85.014
23.741,85.009
23.743,86.425
23.743,86.426
23.744,85.504
23.751,86.417
23.756,86.405
23.756,85.855
23.76,85.856
23.761,86.401
23.762,86.393
23.765,86.393
23.771,86.201
23.772,86.197
23.773,86.205
23.773,86.211
23.773,86.386
23.774,86.206
23.776,86.365
23.776,86.189
23.779,86.374
23.779,86.347
23.779,86.343
23.78,86.392
23.78,86.206
23.783,86.396
23.783,86.211
23.783,86.392
23.784,86.206
23.784,86.335
23.788,86.336
23.788,86.305
23.79,86.371
23.793,86.35
23.794,86.235
23.796,86.355
23.796,86.35
23.799,87.051
23.8,87.047
23.804,86.325
23.806,86.33
23.808,86.321
23.826,85.501
24.12,86.354
24.163,82.559
24.167,82.559
24.171,82.565
24.172,82.56
24.188,82.576
24.192,82.577
24.659,74.631
17.605,83.202
17.608,83.201
17.609,83.202
17.613,83.203
18.72,79.538
18.72,79.539
18.726,79.534
19.704,79.217
19.705,79.217
19.922,79.111
20.702,78.62
21.246,79.224
15.025,78.013
15.071,76.864
15.072,76.866
15.136,76.707
15.172,76.376
15.174,76.678
15.176,76.657
15.177,76.653
15.181,77.102
15.184,76.642
17.145,78.223
27.668,76.129
29.907,74.956
29.909,74.949
29.913,74.951
24.662,74.631
24.821,73.091
24.821,73.093
24.932,74.635
21.104,72.63
21.106,72.647
21.106,72.645
21.106,72.644
21.108,72.637
21.108,72.635
21.109,72.634
21.109,72.631
21.109,72.63
21.11,72.628
21.905,72.757
22.365,73.118
18.679,73.035
18.685,73.036
15.336,76.286
15.657,73.99
20.797,85.257
21.761,83.844
21.922,83.35
22.324,82.592
23.56,87.242
23.759,85.854
23.784,86.211
23.794,86.352
24.168,82.563
24.189,82.578
15.337,76.279
21.106,72.648
27.468,95.421
24.867,92.022
26.811,94.695
21.671,82.083
21.672,82.078
21.674,82.08
21.676,84.039
21.681,84.039
21.753,83.839
21.757,84.02
21.759,83.84
21.763,84.017
21.764,83.844
21.875,83.495
21.875,83.493
21.881,83.555
21.916,83.352
21.923,83.337
21.932,85.224
21.932,85.218
21.983,83.233
21.984,83.23
22.003,82.67
22.033,83.361
22.033,83.357
22.053,88.125
22.054,88.121
22.057,88.126
22.06,83.725
22.21,84.873
22.212,84.861
22.216,84.874
22.314,82.524
22.326,82.657
22.338,82.65
22.36,87.288
22.369,87.015
22.378,87.278
22.589,85.904
22.594,85.905
22.784,86.206
22.785,86.201
22.79,86.201
22.79,86.196
22.798,86.207
22.801,86.092
22.858,86.056
22.876,86.064
23.171,82.339
23.362,83.224
23.482,87.36
23.483,87.356
23.484,87.354
23.559,87.24
23.563,87.09
23.605,87.153
23.615,86.788
23.631,86.296
23.662,85.0
23.666,86.92
23.667,86.09
23.668,84.998
23.668,84.995
23.677,86.397
23.68,86.4
23.68,86.395
23.682,86.092
23.682,86.393
23.683,86.081
23.687,86.388
23.691,86.386
23.691,87.097
23.692,86.389
23.692,87.125
23.693,87.12
23.693,87.116
23.694,87.111
23.694,87.107
23.698,86.077
23.698,86.072
23.722,86.448
23.722,85.008
23.723,85.005
23.727,86.443
23.727,85.006
23.727,86.438
23.728,85.006
23.732,85.022
23.734,86.423
23.736,85.023
23.737,85.01
23.742,85.011
23.743,86.424
23.743,85.504
23.748,86.42
23.753,86.415
23.755,85.855
23.755,86.394
23.759,85.858
23.76,85.852
23.76,86.395
23.77,86.391
23.771,86.204
23.775,86.387
23.78,86.345
23.78,86.387
23.781,86.205
23.781,86.372
23.788,86.308
23.789,86.303
23.79,86.369
23.791,86.353
23.796,86.234
23.799,87.047
23.805,86.327
23.825,85.498
24.118,86.351
24.167,82.561
24.169,82.564
24.184,82.577
24.19,82.577
18.724,79.534
20.788,85.261
20.798,85.257
20.803,85.258
20.808,85.258
20.885,84.983
20.939,86.058
20.943,86.059
20.944,86.054
20.949,86.049
20.96,85.185
20.961,85.179
20.961,85.174
20.962,85.183
20.962,85.168
20.963,86.051
20.966,85.174
20.967,86.013
20.967,85.169
20.969,85.146
20.972,85.169
20.973,86.004
20.974,85.147
20.979,85.147
21.074,85.043
21.076,85.044
21.077,85.038
21.077,85.032
21.178,81.384
21.19,81.391
21.195,81.397
21.196,81.396
21.308,81.589
21.309,81.588
21.375,81.679
21.379,81.64
21.381,81.68
21.39,81.646
21.39,81.647
21.485,81.767
17.605,83.199
17.61,83.203
17.621,83.194
32.725,72.817
29.908,74.947
29.911,74.953
23.168,82.338
24.166,80.693
24.663,74.635
24.663,74.631
24.933,74.632
21.248,79.224
21.377,81.64
21.381,81.681
22.003,82.669
22.036,83.359
24.692,73.002
17.145,78.224
18.681,73.037
18.687,73.03
18.693,73.043
18.694,73.039
18.856,72.927
18.86,72.927
19.101,73.052
19.723,79.173
21.104,72.644
21.11,72.635
21.111,72.63
15.171,76.685
15.172,76.682
15.173,76.379
15.178,76.683
15.178,76.655
15.178,76.665
15.181,76.668
15.182,76.664
15.183,76.666
20.964,85.178
22.787,86.204
23.558,87.24
23.73,85.007
23.751,86.419
23.782,86.211
15.178,76.656
15.184,76.643
18.683,73.041
18.685,73.029
20.968,86.013
23.167,82.344
23.791,86.354
23.802,86.329
27.47,95.425
21.771,84.017
21.917,83.347
21.919,83.345
21.925,83.347
21.931,85.218
21.985,83.231
22.036,83.357
22.036,83.353
22.054,85.463
22.055,88.125
22.056,88.121
22.356,87.288
22.366,87.3
22.367,87.299
22.596,85.903
22.783,86.2
22.784,86.204
22.788,86.205
22.789,86.2
22.789,86.195
22.791,86.204
22.791,86.194
22.797,86.199
22.797,86.088
22.8,86.087
22.857,86.056
23.556,87.241
23.566,87.089
23.612,87.144
23.617,86.79
23.633,86.292
23.665,84.998
23.678,86.085
23.679,86.399
23.679,86.394
23.683,86.097
23.684,86.091
23.686,86.394
23.689,87.119
23.691,87.096
23.695,87.12
23.695,87.115
23.696,87.111
23.696,87.106
23.717,86.44
23.719,86.446
23.72,86.441
23.723,86.446
23.724,86.441
23.726,86.441
23.726,85.004
23.728,85.004
23.744,86.422
23.75,86.418
23.76,85.855
23.765,86.392
23.772,86.388
23.772,86.383
23.777,86.394
23.778,86.389
23.779,86.205
23.784,86.394
23.784,86.389
23.785,86.303
23.802,86.326
23.805,86.328
23.808,86.327
20.784,85.259
20.784,85.255
20.804,85.255
20.883,84.982
20.886,84.983
20.959,85.178
20.96,85.173
20.96,85.178
20.961,85.172
20.966,85.173
20.967,85.179
20.967,85.167
20.967,85.173
20.973,85.168
20.974,85.167
21.074,85.04
21.077,85.03
21.682,84.037
21.759,84.023
21.765,83.842
21.766,84.016
29.909,74.953
23.516,87.274
23.56,87.24
23.564,87.089
23.565,87.089
23.613,86.789
23.668,86.093
23.669,86.92
23.677,86.084
23.678,86.094
23.681,86.083
23.683,86.396
23.684,86.391
23.684,86.095
23.69,87.1
23.732,85.02
23.735,85.022
23.739,85.012
23.741,85.008
23.746,86.421
23.765,86.397
23.767,86.392
23.772,86.208
23.773,86.393
23.774,86.203
23.774,86.388
23.778,86.372
23.779,86.21
23.779,86.395
23.78,86.39
23.781,86.209
23.784,86.373
23.79,86.352
23.797,86.348
23.8,87.049
23.8,87.042
23.801,87.042
23.803,86.326
23.803,84.841
23.809,86.328
23.824,85.499
23.825,85.503
23.826,85.498
24.166,82.558
24.171,82.559
26.271,74.188
26.298,74.127
26.641,79.479
26.873,73.517
20.787,85.266
20.788,85.26
20.795,85.257
20.797,85.251
20.809,85.255
20.864,84.991
20.95,86.051
20.951,86.051
20.955,85.012
20.961,85.169
20.962,85.164
20.964,85.168
20.965,85.191
20.966,85.158
20.968,86.011
20.968,85.165
20.97,85.16
20.973,85.145
20.976,85.144
21.077,85.036
21.301,81.605
21.309,81.591
21.346,81.664
21.351,81.665
21.364,81.678
21.365,81.646
21.377,81.642
21.384,81.657
21.392,81.646
21.545,81.947
21.673,82.084
21.681,84.042
21.732,82.216
21.758,84.021
21.763,84.022
21.764,84.022
21.764,84.018
21.769,84.024
21.876,83.496
21.878,83.556
21.88,83.556
21.92,83.351
21.921,83.347
21.924,83.353
21.925,83.349
21.925,83.352
21.928,83.337
21.929,85.219
21.93,85.221
22.01,83.33
22.022,83.381
22.022,83.378
22.031,83.364
22.033,83.742
22.033,83.356
22.05,88.125
22.053,88.124
22.057,88.127
22.06,83.724
22.264,75.131
22.317,82.533
22.326,82.664
22.334,82.605
22.335,82.623
22.363,73.116
22.366,87.019
22.369,87.019
22.381,87.281
22.592,85.905
22.784,86.205
22.785,86.205
22.786,86.2
22.792,86.201
22.793,86.196
22.797,86.209
22.798,86.203
22.798,86.091
22.799,86.204
22.874,86.06
23.168,82.341
24.167,80.693
24.662,74.633
24.713,75.952
24.764,74.608
24.819,73.092
24.934,74.633
18.679,73.038
18.687,73.032
18.72,79.534
18.721,79.533
18.724,79.535
18.859,72.925
19.722,79.175
19.785,79.149
21.102,72.651
21.103,72.644
21.106,72.629
21.112,72.634
13.717,79.626
15.138,76.71
15.168,76.381
15.172,76.686
15.172,76.659
15.172,76.378
15.173,76.655
15.176,76.659
15.177,76.679
15.178,77.102
15.178,76.675
15.185,76.657
15.658,73.988
17.064,76.98
18.725,79.538
22.065,88.122
21.107,72.633
21.918,83.351
21.918,83.355
21.919,83.355
21.923,83.35
23.168,82.342
23.683,86.393
23.684,86.396
23.759,86.401
23.759,86.404
23.791,86.355
23.799,87.049
23.804,86.33
29.909,74.95
26.784,94.672
26.785,94.669
26.809,94.693
27.533,95.4
22.056,88.12
29.909,74.945
29.912,74.945
23.689,87.1
23.692,87.11
23.693,87.106
23.696,87.117
23.8,87.045
26.64,79.479
26.641,79.475
26.644,79.479
27.667,76.127
20.785,85.261
20.788,85.267
20.792,85.251
20.796,85.251
20.804,85.259
20.862,84.993
20.864,84.995
20.942,86.056
20.949,86.045
20.955,85.014
20.959,85.183
20.96,85.177
20.962,85.167
20.963,86.012
20.963,85.189
20.964,85.157
20.966,86.012
20.967,85.168
20.968,85.163
20.971,85.147
21.072,85.043
21.077,85.044
21.078,85.039
21.296,81.615
21.34,81.669
21.344,81.665
21.359,81.673
21.364,81.644
21.372,81.686
21.376,81.642
21.376,81.682
21.377,81.679
21.379,81.647
21.382,81.655
21.391,81.645
21.391,81.647
21.545,81.948
21.679,84.04
21.756,84.025
21.766,84.018
21.77,84.019
21.805,83.885
21.877,83.494
21.921,83.351
21.922,83.347
21.932,85.223
21.98,83.242
21.986,83.231
21.991,85.324
22.021,83.38
22.033,83.745
22.039,83.352
22.039,83.738
22.043,83.739
22.054,85.465
22.056,85.467
22.058,88.125
22.059,83.725
22.064,88.123
22.1,84.375
22.204,84.847
22.208,84.848
22.21,84.864
22.222,84.758
22.244,87.389
22.322,82.661
22.333,82.603
22.337,82.648
22.359,87.289
22.363,87.019
22.378,87.279
22.787,86.207
22.788,86.202
22.789,86.196
22.791,86.196
22.792,86.209
22.797,86.092
22.798,86.092
22.803,86.088
23.168,82.344
23.169,82.339
23.511,87.279
23.517,87.273
23.549,86.545
23.559,87.241
23.56,87.238
23.612,87.148
23.615,86.792
23.676,86.088
23.679,86.401
23.679,86.091
23.68,86.094
23.681,86.089
23.682,86.083
23.684,86.093
23.686,86.391
23.69,86.392
23.698,86.076
23.718,86.447
23.733,85.021
23.734,86.421
23.74,85.008
23.748,86.425
23.757,86.404
23.759,86.398
23.76,86.392
23.763,86.399
23.768,86.4
23.769,86.395
23.77,86.389
23.772,86.198
23.774,86.21
23.775,86.39
23.776,86.385
23.779,86.397
23.78,86.391
23.788,86.306
23.789,86.37
23.794,86.233
23.794,86.348
23.805,86.322
23.806,84.842
23.808,86.328
23.809,86.323
23.824,85.502
23.99,79.393
24.053,80.614
24.164,82.557
24.167,82.56
24.168,82.558
24.168,80.697
24.171,82.56
24.529,81.171
24.578,74.803
24.714,74.671
24.716,75.953
24.764,74.607
17.604,83.201
17.612,83.205
17.623,83.196
17.624,83.194
17.959,80.799
18.719,79.536
18.72,79.535
18.805,74.258
19.101,73.054
19.786,79.148
20.258,86.601
21.188,81.391
21.233,79.627
21.245,79.225
15.021,78.013
15.07,76.867
15.166,76.673
15.169,76.379
15.173,76.376
15.175,76.682
15.176,76.678
15.176,76.656
15.176,76.674
15.176,76.652
15.179,76.674
15.18,76.653
15.182,76.656
15.189,76.654
15.196,76.38
15.226,76.764
15.333,76.286
15.658,73.991
17.065,76.98
17.138,77.175
17.141,77.182
17.146,78.224
18.68,73.034
18.724,79.539
18.857,72.925
18.857,72.929
18.858,72.925
20.965,85.174
21.107,72.634
22.214,84.872
23.169,82.343
23.682,86.395
23.76,86.406
23.761,86.404
23.792,86.355
23.804,86.328
24.168,82.56
26.066,93.93
26.641,79.476
26.76,83.2
29.905,74.954
29.91,74.958
29.91,74.955
21.677,84.041
21.678,84.037
21.759,83.845
21.761,84.02
21.765,84.017
21.778,83.833
21.804,83.885
21.919,83.347
21.929,85.22
21.967,85.315
21.983,83.232
21.991,85.325
22.005,82.673
22.005,82.669
22.008,83.329
22.031,83.746
22.039,83.739
22.055,83.723
22.13,85.416
22.21,84.86
22.211,84.873
22.212,84.869
22.213,84.865
22.243,87.39
22.313,82.522
22.315,82.534
22.325,82.665
22.331,82.605
22.336,82.656
22.338,82.649
22.367,87.016
22.473,91.735
22.588,85.903
22.788,86.206
22.789,86.202
22.791,86.211
22.856,86.056
22.857,86.054
23.168,82.34
23.171,82.345
23.36,83.224
23.483,87.363
23.484,87.358
23.509,87.281
23.528,85.7
23.549,86.544
23.564,87.091
23.612,87.147
23.616,86.79
23.63,85.631
23.632,86.296
23.669,86.091
23.669,84.99
23.676,86.402
23.677,86.088
23.677,86.106
23.677,86.398
23.682,86.394
23.686,86.39
23.687,87.12
23.691,87.12
23.693,87.111
23.695,87.121
23.7,90.531
23.718,86.439
23.72,86.449
23.722,85.526
23.728,86.446
23.73,85.022
23.733,86.423
23.733,85.022
23.735,85.01
23.739,85.011
23.739,85.007
23.747,85.509
23.749,86.417
23.752,86.418
23.756,86.395
23.757,85.86
23.758,85.856
23.76,86.396
23.764,86.392
23.768,86.393
23.769,86.389
23.77,86.384
23.771,86.207
23.772,86.394
23.772,86.389
23.773,86.198
23.773,86.385
23.774,86.212
23.775,86.395
23.776,86.39
23.776,86.393
23.776,86.367
23.777,86.386
23.777,86.388
23.779,86.398
23.78,86.374
23.78,86.349
23.78,86.393
23.78,86.37
23.781,86.389
23.783,86.373
23.783,86.375
23.783,86.349
23.783,86.394
23.786,86.331
23.787,86.308
23.787,86.369
23.788,86.371
23.788,86.304
23.79,86.355
23.79,86.351
23.793,86.235
23.798,87.049
23.798,87.045
23.801,87.05
23.804,86.323
23.807,86.329
23.808,87.036
23.808,86.32
23.809,86.315
23.828,85.502
23.989,79.39
24.052,80.612
24.135,82.566
24.168,80.696
24.185,82.575
24.325,81.328
24.529,81.169
24.762,74.605
26.271,74.187
26.298,74.125
18.719,79.538
18.723,79.539
19.786,79.149
19.965,79.336
20.256,86.603
20.259,86.6
20.697,78.638
20.787,85.268
20.788,85.263
20.788,85.259
20.793,85.255
20.793,85.251
20.795,85.26
20.868,84.992
20.941,86.059
20.942,86.055
20.957,85.182
20.957,85.144
20.958,85.174
20.96,85.183
20.963,85.188
20.963,85.166
20.964,85.184
20.965,85.179
20.966,85.171
20.968,86.016
20.971,86.002
20.978,85.147
21.073,85.043
21.108,72.634
21.114,72.634
21.18,81.381
21.184,81.381
21.245,79.226
21.297,81.614
21.298,81.607
21.311,81.59
21.35,81.665
21.378,81.64
21.382,81.656
21.576,82.024
21.732,82.214
22.263,75.132
17.062,76.981
17.607,83.203
17.61,83.204
17.622,83.194
17.957,80.801
18.682,73.031
18.683,73.037
18.687,73.037
18.688,73.038
18.692,73.038
18.693,73.038
18.857,72.927
18.857,72.924
13.16,80.284
14.588,78.58
15.117,76.813
15.168,76.38
15.169,76.686
15.173,76.375
15.175,76.677
15.178,76.653
15.179,77.102
15.183,76.644
15.659,73.991
17.603,83.202
20.806,85.258
20.884,84.985
20.964,85.179
21.762,84.022
22.054,88.124
22.789,86.199
23.689,87.123
23.781,86.373
23.785,86.334
23.792,86.356
23.795,86.352
21.105,72.632
26.762,83.2
29.911,74.946
29.913,74.952
29.914,74.946
22.051,88.124
22.055,85.466
22.132,85.418
22.134,85.382
22.167,85.436
22.206,84.851
22.207,84.868
22.21,84.848
22.211,84.865
22.59,85.906
22.787,86.199
22.788,86.211
22.79,86.203
22.791,86.195
22.792,86.211
22.796,86.208
22.797,86.2
22.799,86.091
22.811,86.085
22.856,86.057
22.872,86.064
23.166,82.342
23.53,85.699
23.56,87.232
23.565,87.09
23.611,87.144
23.614,86.792
23.615,86.789
23.631,86.293
23.655,85.507
23.666,86.918
23.666,84.999
23.669,86.918
23.67,84.996
23.677,86.4
23.679,86.087
23.681,86.095
23.683,86.083
23.685,86.394
23.689,86.387
23.692,87.115
23.693,90.51
23.694,87.104
23.698,86.074
23.701,86.075
23.705,86.071
23.709,85.404
23.719,85.007
23.727,85.004
23.728,85.022
23.73,85.005
23.736,85.014
23.74,85.011
23.741,86.423
23.745,85.508
23.746,85.504
23.747,86.424
23.751,85.857
23.755,86.397
23.757,86.406
23.758,86.398
23.761,86.399
23.762,86.395
23.763,86.391
23.765,86.395
23.766,86.391
23.767,86.388
23.769,86.396
23.769,86.392
23.77,86.202
23.771,86.198
23.777,86.366
23.779,86.37
23.782,86.375
23.793,86.233
23.796,86.238
23.799,87.046
23.802,87.046
23.803,84.844
23.807,86.327
23.807,86.323
23.808,86.316
23.808,86.322
23.809,86.319
23.81,86.315
23.821,85.496
23.823,85.499
23.827,85.5
24.164,82.556
24.167,82.562
24.171,82.563
24.186,82.576
24.663,74.633
24.763,74.605
19.964,79.336
20.259,86.602
20.785,85.257
20.791,85.259
20.792,85.255
20.795,85.259
20.809,85.257
20.865,84.996
20.866,84.992
20.884,84.983
20.941,86.062
20.947,85.009
20.953,86.049
20.957,85.174
20.958,85.146
20.96,85.182
20.961,85.171
20.962,85.191
20.963,85.183
20.964,85.175
20.965,85.167
20.967,85.16
20.967,85.156
20.968,86.017
20.969,85.164
20.976,85.169
20.976,86.007
20.977,85.137
20.979,85.146
21.075,85.041
21.077,85.046
21.079,85.038
21.079,85.037
21.079,85.034
21.079,85.033
21.106,72.64
21.192,81.39
21.246,79.223
21.311,81.591
21.347,81.666
21.378,81.647
21.754,83.841
21.76,84.019
21.763,84.024
21.764,84.02
21.766,84.022
21.767,84.025
21.771,84.021
21.879,83.555
21.917,83.353
21.921,83.353
21.969,85.313
21.991,85.328
22.056,83.723
22.323,82.659
22.332,82.533
22.336,82.651
17.064,76.979
17.609,83.204
17.622,83.193
18.681,73.033
18.724,79.536
15.07,76.864
15.072,76.864
15.135,76.707
15.173,76.786
15.173,76.654
15.176,76.676
15.178,76.654
15.183,76.79
15.334,76.284
29.909,74.947
29.91,74.944
29.913,74.953
29.914,74.953
26.297,74.126
22.266,75.133
24.66,74.632
24.69,73.002
18.684,73.039
18.686,73.03
21.104,72.647
21.113,72.636
20.963,85.176
20.972,85.15
22.056,88.125
22.537,91.702
23.728,85.008
24.171,82.562
29.907,74.949
29.913,74.946
15.121,76.811
18.72,79.536
29.908,74.956
22.364,87.298
22.378,87.281
22.784,86.203
22.788,86.208
22.79,86.195
22.857,86.055
23.556,87.24
23.561,87.23
23.615,86.86
23.629,86.294
23.633,86.299
23.665,85.0
23.666,86.922
23.67,86.093
23.677,86.401
23.678,86.397
23.686,87.119
23.687,86.394
23.687,86.389
23.688,86.385
23.689,87.097
23.69,87.098
23.69,87.12
23.691,86.39
23.692,87.109
23.693,87.11
23.693,87.104
23.694,87.12
23.695,87.122
23.703,86.076
23.718,86.449
23.719,86.445
23.719,85.009
23.719,86.44
23.72,85.008
23.724,85.005
23.729,85.005
23.738,85.011
23.743,85.506
23.743,86.423
23.747,86.423
23.747,86.419
23.752,86.416
23.757,85.853
23.758,86.404
23.762,86.4
23.763,86.392
23.768,86.389
23.772,86.393
23.773,86.201
23.775,86.364
23.776,86.392
23.777,86.206
23.779,86.371
23.78,86.395
23.78,86.397
23.781,86.391
23.781,86.207
23.781,86.348
23.782,86.346
23.783,86.334
23.786,86.304
23.787,86.306
23.787,86.336
23.787,86.373
23.787,86.37
23.788,86.332
23.789,86.354
23.794,86.237
23.795,86.235
23.801,86.328
23.801,86.324
23.807,86.316
23.828,85.5
24.119,86.356
24.137,82.566
24.165,82.558
24.17,82.563
24.172,82.561
24.187,82.578
24.187,82.574
24.19,82.576
24.192,82.578
24.193,82.575
24.207,82.712
24.208,82.708
20.784,85.263
20.797,85.26
20.884,84.982
20.944,86.056
20.959,85.144
20.959,85.181
20.959,85.176
20.965,85.168
20.969,85.169
20.97,85.164
20.972,86.004
20.973,85.169
21.078,85.034
21.194,81.417
21.31,81.591
21.348,81.665
21.378,81.641
21.38,81.68
21.488,81.769
21.674,82.082
21.754,83.839
21.758,83.845
21.758,83.84
21.768,84.02
21.967,85.313
21.984,83.234
22.001,82.668
22.006,82.672
22.007,82.668
22.031,83.358
22.057,83.726
22.21,84.869
22.215,84.864
22.336,82.652
22.336,82.648
17.144,78.223
15.172,76.377
15.175,76.375
15.179,76.677
29.908,74.954
31.327,76.897
31.604,74.407
31.62,74.43
26.643,79.482
26.879,73.514
27.666,76.131
29.126,75.78
21.375,81.64
21.379,81.682
22.266,75.136
23.171,82.342
24.66,74.636
24.69,73.003
24.69,73.004
24.823,73.095
18.682,73.041
18.683,73.036
19.101,73.051
21.109,72.638
21.11,72.634
15.171,76.377
15.661,73.99
17.145,78.226
18.684,73.034
20.965,85.175
21.769,84.023
22.065,88.12
23.708,86.073
23.726,85.008
15.527,73.994
18.686,73.04
18.693,73.042
18.721,79.537
21.108,72.646
29.457,76.867
23.55,87.246
23.553,87.241
23.561,87.24
23.562,87.089
23.613,87.146
23.667,86.92
23.668,85.0
23.678,86.093
23.684,86.089
23.689,87.12
23.691,87.098
23.694,87.121
23.695,87.11
23.717,86.443
23.72,86.446
23.722,85.006
23.723,85.006
23.726,86.442
23.728,85.021
23.728,85.007
23.729,85.006
23.735,85.012
23.74,85.013
23.744,86.424
23.75,86.42
23.757,85.855
23.758,86.396
23.771,86.385
23.776,86.389
23.782,86.39
23.786,86.335
23.789,86.306
23.804,86.329
23.805,86.325
23.805,86.32
24.169,82.563
24.203,82.712
24.208,82.711
20.806,85.255
20.891,84.983
20.892,84.978
20.962,85.169
20.967,85.175
20.967,85.17
20.97,85.147
20.971,86.003
21.38,81.677
21.676,84.038
21.682,84.039
21.757,83.841
21.762,84.018
21.763,83.841
21.764,83.842
21.769,84.019
21.877,83.552
21.879,83.552
21.927,83.335
21.969,85.314
22.036,83.352
22.053,88.126
22.21,84.868
22.337,82.651
22.356,87.289
22.366,87.301
22.366,87.297
22.367,87.015
22.378,87.277
22.379,87.278
22.784,86.202
22.786,86.203
22.79,86.198
22.792,86.196
22.796,86.199
17.607,83.202
17.608,83.199
31.62,74.432
32.727,73.139
27.669,76.131
21.678,84.038
21.68,84.039
21.73,82.216
21.757,84.026
21.761,84.022
21.767,84.024
21.921,83.355
21.925,83.341
21.932,85.221
22.006,82.67
22.007,82.673
22.034,83.745
22.035,83.362
22.323,82.664
22.324,82.662
22.324,82.66
22.325,82.658
22.331,82.603
22.784,86.208
22.786,86.201
22.791,86.205
23.17,82.34
23.556,87.237
23.563,87.239
23.68,86.092
23.68,86.393
23.682,86.391
23.684,86.094
23.686,86.094
23.687,86.395
23.688,86.393
23.693,87.122
23.733,85.023
23.739,85.006
23.766,86.397
23.773,86.203
23.777,86.385
23.778,86.211
23.78,86.372
23.794,86.347
23.798,87.047
23.826,85.503
24.166,82.559
24.58,74.805
24.661,74.632
24.933,74.634
24.934,74.632
26.265,74.188
17.607,83.204
19.921,79.112
20.696,78.637
21.093,72.653
21.105,72.643
21.108,72.648
21.11,72.636
21.111,72.632
21.113,72.637
21.153,72.738
21.298,81.615
21.3,81.607
21.309,81.589
21.343,81.671
21.363,81.679
21.365,81.647
21.378,81.642
22.267,75.133
22.365,73.115
15.685,78.458
16.873,80.023
17.958,80.797
17.96,80.799
18.685,73.037
18.685,73.04
18.686,73.029
18.692,73.042
18.803,74.259
18.804,74.261
19.103,73.053
15.073,76.867
15.174,76.683
15.175,76.654
15.175,76.679
15.66,73.99
23.561,87.239
15.338,76.28
20.793,85.253
20.97,85.161
21.075,85.042
21.193,81.391
21.795,72.65
22.786,86.206
23.168,82.343
23.558,87.243
29.908,74.949
29.908,74.953
27.469,95.42
23.557,87.237
23.614,86.788
23.615,86.787
23.666,86.916
23.696,87.119
22.052,88.124
22.367,87.012
22.473,91.734
32.084,74.169
32.085,74.167
32.726,73.139
27.667,76.128
28.118,76.799
29.908,74.948
21.929,85.218
21.931,85.223
21.97,85.313
22.03,83.746
22.041,83.738
22.067,88.125
22.204,84.851
22.207,84.858
22.208,84.859
22.246,87.39
22.316,82.521
22.324,82.663
22.33,82.606
22.36,87.292
22.361,87.017
22.367,87.018
22.381,87.28
22.588,85.905
22.791,86.2
22.803,86.092
22.81,86.086
22.875,86.064
23.166,82.34
23.172,82.343
23.507,87.282
23.558,87.231
23.562,87.24
23.564,87.232
23.606,87.151
23.613,87.145
23.614,86.789
23.615,86.861
23.659,85.505
23.679,86.106
23.684,86.082
23.687,87.122
23.692,87.1
23.693,87.099
23.693,87.125
23.693,87.121
23.694,87.116
23.694,87.117
23.695,87.112
23.697,87.105
23.704,86.072
23.728,86.445
23.73,86.447
23.733,86.424
23.733,85.024
23.735,86.422
23.76,86.405
23.773,86.394
23.774,86.39
23.774,86.365
23.776,86.212
23.777,86.209
23.779,86.344
23.783,86.207
23.783,86.374
23.793,86.234
23.794,86.351
23.807,86.318
23.827,85.503
23.989,79.393
24.051,80.613
24.12,86.356
24.168,82.557
24.579,74.803
24.662,74.634
24.764,74.609
26.297,74.127
26.875,73.515
20.789,85.267
20.789,85.263
20.797,85.255
20.95,86.05
20.959,85.185
20.959,85.182
20.965,85.156
20.969,85.161
20.972,85.147
21.104,72.646
21.106,72.632
21.109,72.637
21.11,72.633
21.11,72.629
21.113,72.638
21.113,72.633
21.179,81.387
21.187,81.392
21.232,79.632
21.312,81.592
21.342,81.671
21.345,81.664
21.348,81.664
21.349,81.665
21.378,81.683
21.379,81.679
21.487,81.767
21.545,81.946
21.675,82.08
21.769,84.018
21.922,83.351
22.004,82.669
22.031,83.745
22.033,83.363
22.034,83.358
22.264,75.132
17.063,76.981
17.958,80.8
18.682,73.032
18.684,73.041
18.684,73.037
18.721,79.536
18.725,79.536
15.024,78.014
15.12,76.813
15.137,76.71
15.168,76.672
15.169,76.664
15.172,76.668
15.173,76.665
15.174,76.657
15.174,76.379
15.175,76.653
15.175,76.66
15.177,76.652
15.177,76.657
15.179,76.657
15.195,76.379
15.333,76.285
15.338,76.278
15.527,73.993
20.969,85.163
21.078,85.045
22.476,91.736
22.787,86.205
29.909,74.951
27.605,95.399
26.761,83.199
27.469,95.422
22.242,87.39
22.535,91.699
23.171,82.343
23.558,87.245
23.56,87.237
23.667,86.923
23.691,87.102
23.695,87.106
23.736,85.009
23.74,85.01
23.747,86.425
23.774,86.391
23.797,87.05
23.798,87.046
23.988,79.39
24.053,80.616
24.17,82.562
24.189,82.574
24.203,80.802
24.207,82.709
24.449,83.04
24.565,81.002
24.664,74.631
24.716,75.952
24.763,74.608
24.765,74.606
26.266,74.188
26.271,74.189
20.514,85.726
20.696,78.636
20.705,78.621
20.787,85.264
20.787,85.262
20.787,85.259
20.792,85.257
20.793,85.252
20.796,85.256
20.797,85.253
20.805,85.255
20.941,86.06
20.962,85.188
21.102,72.645
21.108,72.641
21.196,81.416
21.232,79.631
21.341,81.672
21.578,82.022
21.76,83.843
21.762,84.019
21.772,84.019
21.803,83.886
21.88,83.554
21.886,82.051
21.92,83.347
21.925,83.34
21.986,83.233
22.004,82.673
22.023,83.379
22.206,84.852
22.206,84.847
22.325,82.684
22.326,82.676
22.337,82.65
22.366,73.112
16.872,80.022
17.14,77.185
17.145,78.222
17.623,83.197
18.692,73.041
19.787,79.147
14.586,78.582
15.073,76.865
15.147,76.71
15.17,76.379
15.172,76.665
15.177,76.678
15.182,76.646
15.225,76.763
15.334,76.287
21.191,81.415
21.192,81.42
21.193,81.417
21.195,81.414
21.196,81.419
21.754,84.027
22.792,86.208
21.906,72.756
23.777,86.39
23.793,86.356
23.801,87.047
21.104,72.648
27.471,95.425
27.605,95.404
23.515,87.276
23.546,86.546
23.557,87.24
23.612,86.791
23.615,86.791
23.63,86.294
23.655,85.508
23.662,86.917
23.665,86.918
23.666,84.998
23.669,86.093
23.67,84.991
23.673,86.086
23.674,86.403
23.682,86.392
23.689,87.099
23.689,86.39
23.69,86.386
23.691,87.111
23.706,86.073
23.715,86.445
23.717,86.449
23.719,86.442
23.721,86.45
23.721,85.011
23.724,85.524
23.725,86.443
23.738,85.014
23.745,86.424
23.746,86.42
23.746,85.509
23.749,86.421
23.756,86.399
23.76,86.419
23.767,86.397
23.767,86.393
23.769,86.401
23.771,86.394
23.771,86.2
23.776,86.19
23.776,86.209
23.777,86.205
23.777,86.395
23.777,86.372
23.778,86.391
23.778,86.345
23.78,86.396
23.781,86.349
23.782,86.345
23.782,86.342
23.788,86.37
23.791,86.351
23.792,86.347
23.794,86.355
23.796,86.344
23.797,86.351
23.798,86.344
23.803,87.049
23.804,84.844
23.806,86.314
23.822,85.499
23.988,79.391
24.135,82.565
24.162,82.556
24.186,82.574
24.204,82.712
24.484,77.146
24.715,75.952
24.762,74.604
26.76,83.198
20.257,86.602
20.96,85.179
21.107,72.626
21.177,81.385
21.178,81.387
21.244,79.222
21.248,79.223
21.297,81.615
21.342,81.669
21.346,81.665
21.377,81.682
21.389,81.646
21.488,81.768
21.672,82.081
21.679,84.038
21.682,84.042
21.76,83.841
21.768,84.021
21.768,84.017
21.887,82.054
21.914,83.355
21.922,83.348
21.98,83.241
22.003,82.673
22.022,83.38
22.032,83.361
22.201,84.577
22.264,75.133
22.314,82.523
22.331,82.534
22.332,82.606
22.376,87.281
22.381,87.29
23.167,82.337
23.36,83.226
17.147,78.222
17.606,83.203
18.685,73.032
18.69,73.037
18.691,73.038
18.722,79.538
18.726,79.537
19.922,79.112
15.072,76.865
15.171,76.786
15.525,73.993
18.856,72.929
21.101,72.653
18.68,73.037
22.792,86.197
23.558,87.242
23.669,86.919
23.76,85.854
23.779,86.391
23.795,86.355
29.912,74.949
15.177,76.682
18.681,73.043
26.794,94.688
23.606,87.15
23.61,87.146
23.666,86.921
23.688,87.097
23.688,87.121
23.691,90.511
23.692,87.121
23.693,87.117
23.694,87.108
23.716,86.446
23.717,86.441
23.724,86.442
23.742,86.424
23.751,86.415
23.756,86.406
23.771,86.199
23.773,86.21
23.777,86.393
23.784,86.306
23.785,86.332
23.788,86.369
23.788,86.307
23.79,86.354
23.794,86.234
23.794,86.349
23.798,87.05
23.801,86.33
23.807,86.315
23.825,85.5
24.119,86.357
24.188,82.577
24.326,81.328
26.76,83.197
20.257,86.6
20.941,86.056
20.958,85.186
20.958,85.171
20.959,85.18
20.959,85.175
20.96,85.188
20.961,85.183
20.961,85.191
20.962,85.186
20.964,85.17
20.964,85.156
20.966,85.172
20.967,86.008
20.969,86.018
20.971,86.004
20.975,86.005
20.98,85.13
21.077,85.034
21.193,81.416
21.195,81.415
21.345,81.663
21.35,81.664
21.377,81.644
21.378,81.681
21.378,81.679
21.387,81.645
21.754,83.84
21.755,84.024
21.759,83.842
21.76,84.02
21.762,83.845
21.765,84.021
21.765,84.016
21.769,84.021
21.876,83.555
21.919,83.346
21.92,83.353
21.924,83.347
22.004,82.671
22.007,82.669
22.034,83.359
22.057,83.724
22.203,84.577
22.21,84.847
22.327,82.674
22.357,87.289
22.363,87.299
22.365,87.018
22.387,87.285
22.474,91.736
22.537,91.7
22.788,86.2
22.798,86.088
23.361,83.225
23.481,87.36
23.482,87.356
23.507,87.281
23.511,87.277
23.515,87.273
23.549,87.246
23.549,87.241
23.557,87.238
23.562,87.088
23.613,86.793
23.663,84.999
23.67,86.113
23.67,84.995
23.674,86.113
23.675,86.103
23.679,86.103
23.682,86.082
23.689,86.392
23.708,85.403
23.719,85.01
23.739,85.013
23.74,85.009
24.137,82.568
17.602,83.201
17.606,83.201
19.919,79.112
19.962,79.332
20.704,78.621
15.021,78.011
15.07,76.865
15.176,76.679
16.873,80.021
24.485,77.149
24.823,73.096
21.103,72.651
21.111,72.636
18.684,73.029
15.169,76.378
15.176,76.379
15.179,76.678
15.658,73.989
23.727,85.007
27.606,95.404
18.683,73.042
21.106,72.633
27.47,95.421
27.605,95.401
20.783,85.256
20.788,85.264
20.799,85.258
20.81,85.256
20.866,84.988
20.888,84.983
20.889,84.979
20.949,86.048
20.954,86.048
20.958,85.184
20.96,85.189
20.961,85.185
20.97,85.171
20.973,85.146
20.976,85.168
21.076,85.04
21.077,85.033
21.077,85.043
21.194,81.418
21.195,81.412
21.196,81.414
21.197,81.393
21.308,81.59
21.368,81.677
21.374,81.638
21.375,81.678
21.378,81.677
21.387,81.646
21.674,82.078
21.675,82.081
21.756,83.843
21.756,83.839
21.769,84.02
21.88,83.555
21.922,83.346
21.929,83.336
22.001,82.666
22.007,82.667
22.032,83.362
22.039,83.353
22.051,88.123
22.135,85.382
22.206,84.868
22.333,82.652
22.335,82.652
22.364,87.301
22.785,86.203
22.791,86.201
22.792,86.194
22.796,86.201
22.796,86.198
22.802,86.091
23.528,85.699
23.55,86.545
23.555,87.239
23.611,87.146
23.616,86.788
23.629,86.292
23.63,86.289
23.634,86.296
23.657,85.508
23.671,84.996
23.673,86.114
23.68,86.09
23.688,86.386
23.694,87.109
23.695,87.103
23.702,86.079
23.715,86.442
23.72,86.442
23.72,85.01
23.724,85.007
23.726,86.44
23.73,85.004
23.747,85.505
23.749,86.416
23.755,85.854
23.756,86.397
23.772,86.392
23.778,86.387
23.779,86.373
23.782,86.394
23.786,86.303
23.797,86.352
23.798,86.342
23.801,86.329
23.801,86.322
23.811,86.317
24.12,86.355
24.121,86.354
24.136,82.565
24.188,82.575
24.194,82.576
31.606,74.408
32.722,72.924
32.725,72.819
26.762,83.202
27.667,76.132
28.119,76.8
29.124,75.777
29.126,75.779
29.458,76.869
29.459,76.868
22.208,84.856
23.17,82.341
24.167,80.694
24.691,73.005
24.692,73.001
24.82,73.092
24.821,73.095
24.935,74.633
26.643,79.483
26.872,73.518
26.877,73.515
26.88,73.516
26.928,73.469
19.92,79.113
21.108,72.629
21.111,72.634
21.114,72.635
21.181,81.383
21.198,81.418
21.376,81.643
21.377,81.638
21.675,82.083
21.678,84.041
21.754,84.025
22.008,82.672
22.034,83.743
22.267,75.134
22.33,82.605
17.956,80.799
18.723,79.537
15.118,76.812
15.174,76.375
15.175,76.657
15.176,76.654
15.179,76.664
15.181,76.655
15.185,76.659
15.199,76.381
15.172,76.664
15.224,76.765
21.107,72.645
26.52,90.536
26.52,90.532
20.946,86.054
20.963,86.004
21.928,85.219
21.931,85.217
22.051,88.125
22.051,88.126
22.052,88.12
22.052,88.121
22.211,84.87
22.211,84.862
22.477,91.732
22.786,86.199
22.794,86.193
23.618,86.789
23.633,86.293
23.665,86.917
23.688,86.39
23.689,87.118
23.69,87.121
23.691,87.109
23.692,87.097
23.696,87.118
23.697,87.106
23.697,87.121
23.72,86.443
23.748,86.416
23.749,86.419
23.755,86.417
23.757,86.399
23.771,86.384
23.778,86.385
23.779,86.388
23.784,86.209
23.784,86.204
20.792,85.252
20.795,85.25
20.806,85.253
20.886,84.984
20.962,86.005
20.97,85.17
32.727,73.14
26.522,90.533
28.12,76.798
31.603,74.406
22.375,87.278
22.797,86.089
23.531,85.699
23.613,86.784
23.615,86.786
23.656,85.507
23.667,86.922
23.668,86.09
23.677,86.085
23.678,86.104
23.68,86.095
23.681,86.091
23.69,87.099
23.703,86.075
23.704,86.071
23.709,85.402
23.749,86.423
23.774,86.392
23.78,86.343
23.78,86.394
23.782,86.205
23.79,86.35
23.797,86.347
23.8,87.044
23.803,86.321
24.054,80.614
24.117,86.35
24.122,86.356
26.265,74.189
26.271,74.19
26.298,74.126
26.759,83.198
26.874,73.515
26.878,73.516
27.667,76.131
20.698,78.639
20.785,85.259
20.793,85.25
20.797,85.258
20.798,85.254
20.803,85.257
20.868,84.99
20.943,86.054
20.959,85.184
20.96,85.18
20.961,85.176
20.963,85.168
20.964,85.19
20.964,85.163
20.966,85.155
20.966,86.01
20.967,85.177
20.967,86.014
20.968,85.173
20.968,86.01
20.974,85.144
20.98,85.146
21.074,85.041
21.08,85.042
21.081,85.038
21.188,81.392
21.233,79.63
21.302,81.608
21.31,81.59
21.347,81.664
21.376,81.638
21.694,72.604
21.764,84.019
21.768,84.024
21.881,83.556
21.906,72.754
21.924,83.352
21.931,83.347
21.986,83.234
21.99,85.326
22.023,83.378
22.057,83.725
22.136,85.382
22.205,84.848
22.205,84.847
22.206,84.844
22.324,82.658
22.334,82.541
22.334,82.609
22.362,87.017
22.364,87.017
22.365,87.302
22.367,87.296
22.368,87.019
22.377,87.282
23.167,82.343
24.715,74.672
24.765,74.607
24.822,73.095
16.87,80.023
17.605,83.201
17.61,83.206
17.956,80.801
18.682,73.035
18.684,73.043
18.686,73.032
18.691,73.041
18.721,79.534
19.92,79.114
21.102,72.649
21.105,72.629
21.111,72.638
13.159,80.284
13.161,80.283
15.022,78.013
15.17,76.665
15.17,76.383
15.17,76.684
15.171,76.661
15.178,77.105
15.179,76.658
15.181,76.667
15.182,76.791
15.185,76.645
15.186,76.659
15.227,76.764
26.52,90.534
15.17,76.668
15.171,76.664
15.172,76.669
15.173,76.662
15.176,76.662
20.87,84.996
21.077,85.042
21.195,81.418
21.299,81.609
21.923,83.347
21.926,83.342
22.215,84.873
22.333,82.609
23.682,86.397
23.758,86.403
23.801,87.046
26.521,90.539
27.604,95.4
26.524,90.532
23.509,87.278
23.515,87.274
23.56,87.243
23.562,87.229
23.562,87.09
23.657,85.507
23.664,86.921
23.669,86.917
23.673,86.113
23.674,86.086
23.681,86.396
23.681,86.093
23.683,86.084
23.71,85.403
23.717,86.444
23.72,86.45
23.724,85.525
23.736,85.01
23.745,85.505
23.762,86.399
23.771,86.202
23.773,86.212
23.774,86.2
23.785,86.307
23.805,84.846
24.166,82.56
24.205,82.71
24.447,83.041
26.27,74.189
26.761,83.2
20.79,85.253
20.805,85.259
20.866,84.994
20.871,84.995
20.95,85.009
20.951,85.008
20.954,85.013
20.957,85.173
20.969,85.158
20.969,86.013
20.98,85.148
21.079,85.044
21.179,81.386
21.234,79.632
21.245,79.224
21.298,81.605
21.365,81.676
21.371,81.686
21.378,81.645
21.388,81.647
21.577,82.022
21.672,82.079
21.676,84.036
21.731,82.213
21.772,84.021
21.779,83.834
21.877,83.554
21.887,82.053
21.918,83.354
21.919,83.349
21.924,83.34
21.968,85.313
21.983,83.231
21.992,85.325
22.03,83.743
22.057,83.723
22.209,84.862
22.212,84.871
22.213,84.863
22.214,84.839
22.215,84.875
22.221,84.758
22.263,75.133
22.315,82.522
22.316,82.536
22.323,82.665
22.323,82.66
22.325,82.592
22.327,82.684
22.333,82.607
22.334,82.539
22.337,82.649
22.358,87.29
22.365,87.303
22.366,87.298
22.797,86.208
22.802,86.089
22.815,86.088
23.167,82.345
24.579,74.802
24.763,74.606
17.959,80.8
18.679,73.039
18.683,73.04
18.684,73.028
18.854,72.927
19.102,73.055
19.102,73.051
21.099,72.652
21.104,72.653
21.105,72.644
21.109,72.645
21.111,72.631
14.588,78.581
15.148,76.709
15.167,76.381
15.167,76.672
15.172,76.684
15.173,76.787
15.176,76.68
15.182,76.667
15.186,76.66
15.224,76.762
15.527,73.991
17.065,76.981
17.141,77.184
13.161,80.282
18.721,79.539
20.794,85.256
20.963,85.19
22.054,88.128
22.211,84.879
22.333,82.608
23.793,86.351
26.784,94.671
26.786,94.672
27.265,95.124
27.378,95.087
27.606,95.403
26.758,83.2
20.785,85.266
20.791,85.251
20.796,85.26
20.804,85.258
20.808,85.255
20.963,86.049
20.966,86.013
20.969,86.017
20.97,86.013
20.972,86.001
20.974,86.006
21.365,81.677
21.37,81.686
21.39,81.648
21.487,81.77
21.576,82.023
21.677,84.038
21.753,84.025
21.757,84.022
21.758,83.844
21.761,84.019
21.777,83.832
21.802,83.886
21.878,83.557
21.888,82.052
21.916,83.353
21.919,83.354
21.924,83.343
21.968,85.316
21.985,83.234
21.99,85.328
22.002,82.672
22.02,83.379
22.031,83.747
22.038,83.355
22.052,88.125
22.131,85.382
22.201,84.578
22.202,84.847
22.213,84.864
22.242,87.389
22.245,87.392
22.245,87.387
22.319,82.538
22.325,82.685
22.326,82.677
22.33,82.607
22.33,82.532
22.333,82.54
22.337,82.652
22.359,87.295
22.36,87.017
22.364,87.018
22.378,87.283
22.473,91.733
22.786,86.198
22.788,86.207
22.789,86.203
22.795,86.208
22.796,86.2
23.166,82.345
23.167,82.341
23.17,82.346
23.482,87.363
23.483,87.354
23.53,85.698
23.547,86.546
23.554,87.24
23.559,87.232
23.61,87.149
23.614,86.79
23.631,85.63
23.632,86.297
23.656,85.508
23.664,86.922
23.665,84.999
23.667,86.092
23.668,86.923
23.67,84.988
23.675,86.085
23.678,86.09
23.679,86.086
23.683,86.389
23.69,86.387
23.691,87.122
23.692,87.113
23.694,87.122
23.708,85.404
23.722,85.525
23.726,85.006
23.729,85.007
23.729,86.447
23.73,85.023
23.73,86.439
23.738,85.012
23.743,85.505
23.745,85.509
23.748,86.417
23.755,86.398
23.756,85.852
23.758,85.86
23.758,86.399
23.759,86.415
23.76,85.853
23.766,86.396
23.77,86.205
23.771,86.389
23.774,86.205
23.775,86.365
23.775,86.386
23.784,86.207
23.785,86.306
23.788,86.372
23.79,86.356
23.794,86.353
23.802,87.048
23.802,86.325
23.803,86.322
23.989,79.392
23.99,79.391
24.164,82.558
24.168,80.695
24.189,82.575
24.204,82.711
24.449,83.041
24.664,74.634
24.761,74.606
17.602,83.2
17.606,83.2
17.608,83.205
19.102,73.054
19.786,79.146
21.102,72.643
21.103,72.641
21.109,72.647
21.111,72.629
21.181,81.38
21.193,81.394
21.193,81.39
15.169,76.669
15.17,76.661
15.177,76.674
15.18,76.654
15.184,76.651
15.226,76.76
15.335,76.286
16.87,80.022
17.063,76.977
18.854,72.928
29.907,74.957
21.102,72.647
21.106,72.634
21.797,72.65
22.366,73.122
13.159,80.283
20.963,86.007
20.963,85.173
20.968,86.019
21.761,83.845
22.214,84.871
23.681,86.097
23.686,86.392
23.693,87.123
23.728,85.009
24.17,82.561
27.378,95.088
27.471,95.422
27.604,95.403
26.521,90.532
26.757,83.2
21.68,84.038
21.753,83.84
21.76,83.844
21.765,84.022
21.766,84.017
21.769,84.022
21.802,83.888
21.877,83.556
21.915,83.354
21.924,83.351
21.924,83.344
21.93,85.224
21.931,85.22
21.983,83.234
21.991,85.326
22.023,83.381
22.033,83.362
22.053,85.466
22.055,88.126
22.063,88.123
22.063,88.119
22.131,85.418
22.208,84.871
22.212,84.843
22.212,84.867
22.213,84.862
22.314,82.522
22.324,82.685
22.325,82.676
22.333,82.542
22.36,87.289
22.378,87.28
22.587,85.907
22.79,86.212
22.79,86.208
22.791,86.203
22.858,86.055
23.511,87.278
23.614,86.786
23.631,85.632
23.633,86.297
23.664,86.919
23.667,86.924
23.669,84.998
23.671,84.988
23.672,86.937
23.674,86.109
23.676,86.403
23.681,86.395
23.683,86.092
23.688,86.392
23.69,87.101
23.692,87.114
23.692,90.513
23.695,87.118
23.717,86.445
23.718,86.441
23.736,85.013
23.737,85.008
23.744,85.506
23.749,86.42
23.75,86.416
23.753,86.416
23.757,85.857
23.758,85.852
23.761,86.417
23.768,86.392
23.768,86.388
23.772,86.384
23.773,86.199
23.775,86.393
23.778,86.396
23.778,86.346
23.778,86.394
23.779,86.209
23.781,86.371
23.781,86.397
23.782,86.393
23.782,86.395
23.791,86.35
23.795,86.351
23.802,86.321
23.806,86.317
23.81,86.318
24.165,82.56
24.186,82.577
24.924,84.156
18.719,79.539
18.725,79.534
20.699,78.636
20.784,85.265
20.784,85.26
20.787,85.265
20.803,85.259
20.867,84.99
20.95,86.047
20.96,85.176
20.965,85.19
20.974,86.005
21.075,85.045
21.076,85.032
21.179,81.384
21.194,81.415
21.198,81.416
21.198,81.419
21.247,79.224
21.309,81.593
21.367,81.644
21.367,81.678
21.369,81.641
21.376,81.679
21.391,81.649
21.671,82.081
17.603,83.2
17.623,83.193
15.169,76.38
15.17,76.376
15.176,76.377
24.663,74.636
24.82,73.095
21.108,72.638
18.688,73.031
20.887,84.983
21.755,84.025
23.783,86.208
18.68,73.035
18.855,72.931
27.265,95.125
27.376,95.087
27.468,95.423
27.607,95.403
21.928,85.223
21.929,85.217
21.992,85.324
22.053,85.465
22.056,88.127
22.212,84.868
22.213,84.861
22.315,82.524
22.339,82.65
22.358,87.289
22.59,85.904
22.591,85.906
22.782,86.205
22.787,86.206
22.787,86.201
22.791,86.207
22.797,86.197
23.363,83.225
23.557,87.241
23.664,84.999
23.67,86.092
23.672,86.114
23.675,86.087
23.679,86.093
23.685,86.389
23.693,87.107
23.701,90.531
23.719,86.448
23.72,85.009
23.724,86.443
23.725,85.006
23.729,85.023
23.735,85.011
23.736,86.424
23.74,85.012
23.741,86.424
23.745,85.506
23.757,85.852
23.757,86.4
23.758,86.395
23.758,85.851
23.762,86.401
23.762,86.396
23.786,86.308
23.787,86.303
23.788,86.373
23.804,86.321
23.807,86.314
23.809,86.317
24.134,82.568
24.168,82.562
24.191,82.578
19.963,79.332
20.257,86.601
20.785,85.262
20.866,84.993
20.882,84.983
20.887,84.984
20.942,86.053
20.957,85.184
20.959,85.173
20.959,85.143
20.975,86.007
20.976,85.146
21.077,85.037
21.195,81.417
21.197,81.397
21.376,81.677
21.379,81.643
21.391,81.644
21.485,81.766
21.677,84.039
21.683,84.04
21.685,85.437
21.753,84.024
21.755,83.84
21.758,84.025
21.918,83.353
21.918,83.349
21.925,83.338
22.004,82.666
22.021,83.379
22.034,83.365
16.872,80.021
17.607,83.201
17.611,83.205
32.721,72.926
26.876,73.518
26.927,73.468
21.246,79.225
21.485,81.771
21.671,82.079
21.73,82.214
21.924,83.355
22.006,82.675
24.688,73.004
24.82,73.094
24.932,74.634
18.682,73.036
18.853,72.93
18.857,72.93
18.858,72.927
13.159,80.286
13.162,80.285
15.071,76.867
15.174,76.652
15.181,76.664
15.182,76.666
15.224,76.761
23.562,87.238
23.562,87.242
23.784,86.208
18.681,73.035
18.684,73.038
18.854,72.929
18.858,72.929
21.075,85.046
21.11,72.63
21.111,72.637
21.919,83.352
26.785,94.672
26.786,94.673
27.369,94.897
22.057,88.125
22.364,87.015
22.377,87.28
22.475,91.734
22.783,86.204
22.788,86.195
23.615,86.79
23.665,86.919
23.666,86.919
23.675,86.113
23.682,86.389
23.686,87.12
23.688,87.096
23.716,86.441
23.721,86.447
23.722,86.441
23.742,86.422
23.749,86.418
23.756,86.403
23.759,85.855
23.763,86.393
23.77,86.388
23.774,86.384
23.776,86.394
23.778,86.205
23.78,86.346
23.784,86.331
23.789,86.304
23.806,86.327
20.882,84.982
20.889,84.982
20.892,84.981
20.943,86.058
20.973,86.005
21.682,84.038
21.763,83.84
21.766,84.015
21.921,83.346
21.928,85.217
21.993,85.325
17.611,83.204
29.457,76.87
31.603,74.408
32.202,74.22
23.557,87.239
23.604,87.153
23.607,87.154
23.68,86.392
23.681,86.397
23.689,86.393
23.692,87.107
23.699,86.074
23.705,86.076
23.749,86.422
23.768,86.398
23.769,86.393
23.775,86.394
23.781,86.344
23.784,86.333
23.795,86.349
23.802,87.05
23.804,86.332
26.271,74.191
26.761,83.203
26.874,73.516
26.877,73.516
28.12,76.799
20.964,85.18
20.964,86.01
20.965,85.164
20.965,86.01
20.968,85.159
20.971,86.011
20.973,86.006
21.078,85.035
21.08,85.032
21.189,81.393
21.348,81.667
21.369,81.643
21.371,81.685
21.375,81.641
21.377,81.68
21.577,82.024
21.677,84.04
21.764,84.027
21.877,83.496
21.887,82.052
21.92,83.349
21.926,83.351
21.931,85.222
22.008,82.671
22.03,83.744
22.033,83.747
22.209,84.865
22.215,84.867
22.266,75.135
22.321,82.66
22.332,82.609
22.333,82.605
22.334,82.623
22.366,87.018
22.367,87.304
22.368,87.017
22.38,87.28
22.789,86.197
22.794,86.208
22.796,86.09
22.801,86.094
22.802,86.092
23.171,82.344
23.658,85.507
23.671,86.093
23.68,86.085
23.73,85.021
24.168,82.559
24.689,73.001
24.766,74.607
24.934,74.634
17.605,83.2
19.723,79.174
21.109,72.635
21.245,79.223
15.069,76.869
15.137,76.708
15.169,76.668
15.171,76.684
15.175,76.658
15.188,76.656
15.197,76.378
15.226,76.761
15.526,73.992
17.142,77.183
18.682,73.037
18.683,73.033
18.685,73.041
13.716,79.623
15.172,76.666
15.186,76.639
18.692,73.043
21.078,85.044
22.005,82.672
22.04,83.738
23.668,86.917
23.765,86.396
26.523,90.53
27.267,95.124
27.467,95.42
27.604,95.405
22.053,88.12
24.922,84.155
26.52,90.535
26.761,83.202
28.118,76.8
21.887,82.055
21.985,83.235
22.041,83.74
22.132,85.382
22.21,84.862
22.324,82.55
22.334,82.606
22.338,82.651
22.364,87.302
22.379,87.288
22.38,87.281
22.796,86.202
22.8,86.091
23.168,82.339
23.517,87.274
23.517,87.271
23.559,87.228
23.562,87.239
23.563,87.233
23.606,87.154
23.612,87.146
23.613,87.149
23.657,85.51
23.666,86.924
23.677,86.399
23.682,86.093
23.684,86.39
23.689,86.391
23.69,87.123
23.692,87.117
23.695,86.079
23.707,86.071
23.731,85.024
23.732,85.021
23.739,85.008
23.742,85.014
23.762,86.397
23.773,86.208
23.773,86.389
23.774,86.366
23.779,86.389
23.782,86.349
23.783,86.391
23.783,86.345
23.786,86.333
23.787,86.305
23.792,86.352
23.797,86.353
23.801,86.331
23.806,86.333
23.806,86.332
23.807,86.326
23.809,86.316
23.825,85.501
24.052,80.616
24.167,82.558
24.169,80.694
24.528,81.169
24.564,81.005
24.579,74.805
24.661,74.635
24.689,73.003
24.715,75.951
26.266,74.19
26.297,74.125
18.723,79.538
19.92,79.115
20.244,86.599
20.245,86.599
20.808,85.259
20.867,84.993
20.943,86.061
20.949,85.009
20.962,85.18
20.967,85.159
20.968,85.154
20.971,85.16
20.972,85.163
21.079,85.043
21.081,85.033
21.106,72.643
21.106,72.646
21.3,81.604
21.31,81.592
21.672,82.083
17.065,76.978
17.221,79.023
17.957,80.8
18.69,73.041
18.691,73.039
18.694,73.042
18.856,72.928
18.86,72.929
15.022,78.015
15.074,76.866
15.169,76.382
15.169,76.672
15.17,76.664
15.171,76.683
15.174,76.665
15.174,76.661
15.174,76.787
15.178,76.658
15.179,76.655
15.179,76.673
15.18,76.666
15.333,76.284
15.659,73.988
17.606,83.202
20.872,84.995
20.965,86.007
22.056,88.128
23.685,86.393
23.696,86.082
26.644,79.482
27.603,95.403
27.376,95.088
27.469,95.425
27.472,95.423
27.604,95.401
31.604,74.404
26.758,83.198
26.762,83.199
27.032,94.892
21.968,85.312
22.05,88.123
22.13,85.418
22.131,85.419
22.207,84.87
22.209,84.879
22.211,84.871
22.324,82.595
22.325,82.549
22.332,82.543
22.357,87.29
22.363,87.018
22.472,91.735
22.477,91.736
22.587,85.904
22.59,85.907
22.591,85.905
22.797,86.091
23.481,87.362
23.482,87.357
23.488,87.369
23.549,87.247
23.563,87.088
23.613,86.792
23.664,85.551
23.673,86.088
23.676,86.4
23.679,86.094
23.684,86.09
23.684,86.397
23.686,86.388
23.689,87.121
23.692,87.106
23.696,87.107
23.697,86.079
23.702,86.071
23.707,85.404
23.722,85.524
23.725,86.441
23.728,86.447
23.736,85.012
23.739,85.016
23.743,85.507
23.747,85.508
23.748,86.418
23.752,86.419
23.756,86.396
23.758,85.861
23.758,86.406
23.76,86.397
23.76,86.416
23.771,86.395
23.772,86.39
23.774,86.213
23.778,86.214
23.78,86.205
23.787,86.309
23.796,86.343
23.8,87.05
23.801,87.045
23.802,86.33
23.804,84.843
23.807,84.847
23.808,86.318
23.824,85.5
23.828,85.501
23.925,85.342
24.053,80.613
24.162,82.557
24.166,82.557
24.169,82.558
24.187,82.577
24.206,82.712
24.207,82.708
24.565,81.004
19.787,79.146
19.961,79.336
20.514,85.727
20.796,85.257
20.807,85.259
20.864,84.993
20.868,84.993
20.871,84.994
20.948,85.008
20.958,85.181
20.959,85.177
20.961,85.19
20.961,85.186
20.961,85.164
20.962,86.006
20.964,85.173
20.964,85.169
20.965,86.012
20.966,85.16
20.968,85.17
20.97,86.003
20.971,85.148
20.976,85.167
20.977,85.136
21.072,85.044
21.077,85.041
21.078,85.032
21.081,85.037
21.104,72.642
21.105,72.628
21.109,72.646
21.154,72.736
21.182,81.383
21.296,81.613
21.297,81.605
21.3,81.606
21.309,81.592
21.341,81.669
21.364,81.654
21.369,81.644
21.679,84.039
21.731,82.212
21.761,83.843
21.878,83.555
21.888,82.053
21.915,83.352
21.924,83.339
22.005,82.667
22.031,83.366
22.032,83.359
22.364,73.112
16.871,80.023
17.612,83.203
17.624,83.193
18.686,73.039
18.686,73.033
18.725,79.537
15.138,76.707
15.168,76.382
15.173,76.377
15.18,76.652
15.226,76.766
15.227,76.761
20.962,86.051
20.963,86.008
21.923,83.353
23.664,86.917
23.67,86.936
23.682,86.094
15.173,76.682
26.065,93.929
26.521,90.534
27.264,95.125
27.268,95.125
27.377,95.089
22.357,87.288
22.362,87.018
22.365,87.019
22.366,87.015
22.474,91.735
22.475,91.733
22.588,85.904
22.79,86.213
23.361,83.223
23.514,87.272
23.561,87.234
23.564,87.088
23.604,87.152
23.664,85.0
23.668,84.996
23.728,85.005
23.741,85.016
23.744,85.505
23.781,86.396
23.99,79.392
24.137,82.567
24.184,82.574
24.188,82.574
24.206,82.713
24.206,82.707
19.922,79.113
20.786,85.26
20.788,85.269
20.808,85.256
20.864,84.994
20.87,84.994
20.871,84.996
20.886,84.981
20.949,85.007
20.956,85.145
20.958,85.18
20.959,85.172
20.962,85.181
20.963,85.169
20.964,86.007
20.965,85.181
20.966,85.177
20.979,85.132
21.08,85.035
21.107,72.64
21.189,81.391
21.197,81.396
21.248,79.226
21.755,83.842
21.755,84.026
21.756,84.021
21.767,84.023
21.767,84.019
21.919,83.348
21.923,83.349
21.984,83.232
21.985,83.23
22.053,88.127
22.207,84.852
22.212,84.866
22.224,84.758
22.326,82.674
16.873,80.022
15.022,78.012
15.069,76.866
15.074,76.864
15.12,76.81
15.137,76.709
15.174,76.662
15.175,76.655
15.175,76.652
15.18,76.656
15.181,76.791
15.336,76.285
26.874,73.518
18.687,73.028
18.688,73.03
21.108,72.628
21.11,72.647
20.964,85.181
22.325,82.679
23.704,86.075
23.782,86.207
18.854,72.93
18.855,72.929
26.521,90.536
22.474,91.734
23.36,83.225
23.362,83.225
23.483,87.362
23.668,84.999
23.668,84.994
23.693,90.511
24.184,82.575
24.448,83.038
26.758,83.199
21.074,85.042
21.08,85.034
21.375,81.638
21.377,81.677
21.485,81.768
21.673,82.078
21.683,84.039
21.753,83.842
21.762,83.843
21.767,84.017
21.88,83.553
21.99,85.327
22.053,85.467
22.054,85.462
22.221,84.759
22.321,82.659
22.366,87.302
22.366,87.02
22.367,87.297
22.367,87.3
22.392,85.772
22.789,86.209
22.789,86.205
22.799,86.088
22.875,86.063
18.724,79.533
19.786,79.145
14.589,78.581
29.908,74.952
24.822,73.094
21.103,72.643
21.107,72.649
21.108,72.644
21.109,72.636
22.265,75.134
22.05,88.101
23.75,86.419
15.18,76.667
18.692,73.044
18.855,72.93
21.102,72.652
23.624,85.641
23.656,85.505
23.67,86.09
23.729,85.003
23.759,85.857
23.772,86.385
23.784,86.392
23.801,86.326
23.805,86.329
24.186,82.573
24.193,82.573
20.966,86.005
21.673,84.038
21.68,84.033
21.759,84.019
21.772,84.02
21.92,83.352
21.924,83.346
22.221,84.753
22.328,82.675
31.62,74.426
31.63,74.428
32.202,74.221
32.725,73.141
27.826,73.224
21.677,84.036
22.222,84.76
22.223,84.76
22.223,84.754
22.224,84.755
22.314,82.533
22.333,82.606
22.859,86.057
23.165,82.34
23.17,82.345
23.171,82.341
23.694,86.082
23.696,86.076
23.778,86.207
23.803,87.048
23.806,84.845
24.714,75.953
24.716,74.669
24.762,74.609
24.932,74.633
26.272,74.191
26.876,73.516
21.308,81.591
21.38,81.681
21.387,81.647
17.958,80.799
18.682,73.033
18.855,72.927
18.858,72.928
14.587,78.581
15.169,76.666
15.185,76.655
23.78,86.211
20.786,85.263
23.682,86.398
27.318,95.267
27.469,95.424
23.692,87.122
23.693,87.1
23.981,90.635
24.869,92.021
22.052,88.099
23.552,87.24
23.556,87.236
31.327,76.895
26.762,83.201
27.668,76.128
28.12,76.8
22.244,87.388
22.366,87.304
22.368,87.3
22.379,87.28
22.595,85.906
22.856,86.058
22.876,86.063
23.513,87.28
23.514,87.276
23.515,87.272
23.531,85.698
23.606,87.153
23.613,87.147
23.614,86.862
23.662,85.553
23.68,86.086
23.687,86.397
23.689,86.386
23.691,87.101
23.691,87.125
23.694,87.114
23.719,86.45
23.73,86.449
23.734,85.022
23.741,85.012
23.763,86.402
23.764,86.395
23.774,86.393
23.776,86.386
23.777,86.215
23.777,86.212
23.779,86.394
23.784,86.374
23.784,86.348
23.788,86.309
23.8,87.051
23.807,84.844
23.99,79.394
24.168,80.693
24.206,82.708
24.566,81.005
25.672,76.189
26.268,74.19
20.125,79.022
20.125,79.025
20.865,84.99
20.87,84.992
20.949,85.008
20.967,85.174
20.973,85.148
21.082,85.04
21.109,72.628
21.112,72.633
21.191,81.391
21.199,81.417
21.232,79.63
21.247,81.771
21.249,79.226
21.311,81.593
21.348,81.666
21.352,81.667
21.365,81.645
21.373,81.687
21.378,81.644
21.378,81.68
21.576,82.021
21.766,84.027
21.767,84.022
21.771,84.023
21.794,83.99
21.881,83.553
21.888,82.054
21.928,83.342
21.929,83.337
21.93,83.34
21.985,83.232
22.006,82.674
22.006,82.669
22.02,83.381
22.021,83.378
22.024,83.382
22.033,83.365
22.209,84.863
22.221,84.76
22.222,84.754
22.267,75.135
22.316,82.534
22.322,82.662
22.323,82.658
22.326,82.55
22.338,82.625
17.142,77.185
17.957,80.802
17.958,80.798
18.683,73.038
18.684,73.03
18.687,73.038
18.69,73.039
18.723,79.534
18.855,72.928
15.185,76.644
15.227,76.763
15.527,73.992
15.659,73.987
27.319,95.267
21.076,85.041
22.213,84.87
22.213,84.866
22.213,84.871
22.799,86.207
22.8,86.206
26.521,90.535
27.315,95.264
27.316,95.266
27.322,95.265
27.322,95.266
27.377,95.087
27.608,95.4
27.537,95.403
29.124,75.78
29.124,75.776
22.473,91.736
22.474,91.732
22.791,86.209
22.796,86.204
22.808,86.087
22.812,86.083
22.812,86.088
22.872,86.063
23.515,87.27
23.549,87.248
23.605,87.15
23.61,87.147
23.629,86.289
23.666,86.092
23.675,86.088
23.676,86.083
23.687,87.123
23.688,87.098
23.688,87.119
23.697,86.077
23.702,86.073
23.702,86.074
23.72,86.447
23.725,86.438
23.733,86.421
23.736,86.423
23.737,85.013
23.738,85.009
23.74,85.014
23.744,85.507
23.758,86.394
23.759,85.861
23.766,86.39
23.772,86.196
23.772,86.211
23.773,86.206
23.776,86.364
23.778,86.393
23.778,86.37
23.779,86.348
23.779,86.387
23.782,86.371
23.797,86.235
23.797,87.049
23.802,86.331
23.803,86.325
23.804,84.846
23.808,84.847
23.823,85.501
23.98,90.638
24.052,80.614
24.134,82.566
24.191,82.577
24.202,80.799
24.327,81.326
24.45,83.039
24.564,81.004
26.759,83.2
20.515,85.724
20.789,85.258
20.866,84.996
20.945,85.009
20.945,85.012
20.949,85.01
20.95,85.008
20.953,85.014
20.956,85.012
20.96,85.163
20.96,85.184
20.963,85.164
20.963,85.185
20.965,85.154
20.966,85.17
20.968,85.16
20.97,86.017
20.971,85.166
20.975,85.167
20.976,86.006
20.977,85.135
20.978,85.13
21.076,85.038
21.079,85.039
21.179,81.388
21.18,81.38
21.234,79.63
21.3,81.605
21.325,81.579
21.34,81.67
21.344,81.664
21.36,81.651
21.363,81.652
21.365,81.644
21.376,81.681
21.376,81.639
21.542,81.947
21.578,82.024
21.729,82.213
21.733,82.213
21.753,84.021
21.771,84.02
21.794,83.987
22.031,83.365
22.054,88.129
22.064,88.121
22.207,84.855
22.21,84.861
22.21,84.881
22.213,84.842
22.221,84.756
22.222,84.751
22.265,75.133
22.313,84.768
22.315,82.523
22.317,82.535
22.324,82.661
22.324,82.657
22.326,82.686
22.329,82.606
22.333,82.543
22.363,87.301
22.37,87.3
22.381,87.289
22.588,85.907
23.166,82.344
23.167,82.34
16.871,80.021
17.956,80.8
17.959,80.801
18.683,73.032
18.803,74.258
21.152,72.736
13.896,76.564
14.873,78.052
15.148,76.711
15.149,76.711
15.152,76.712
15.169,76.673
15.17,76.669
15.175,76.678
15.179,76.654
15.184,76.646
15.332,76.287
15.656,73.989
18.857,72.923
20.962,86.011
20.965,85.18
21.194,81.392
21.351,81.668
22.363,87.303
22.324,82.675
27.319,95.266
27.602,95.402
18.86,72.93
21.105,72.637
27.317,95.269
27.318,95.263
27.369,94.896
27.606,95.405
27.607,95.4
22.536,91.699
23.482,87.355
23.484,87.364
23.512,87.278
23.558,87.238
23.56,87.231
23.611,87.15
23.616,86.786
23.628,86.289
23.63,85.63
23.631,86.289
23.634,86.297
23.663,85.551
23.664,86.912
23.669,84.995
23.67,84.992
23.674,86.085
23.678,86.398
23.679,86.098
23.685,86.083
23.69,87.097
23.692,87.105
23.696,87.102
23.703,86.071
23.719,85.008
23.722,85.009
23.724,85.523
23.726,85.005
23.742,86.425
23.743,85.008
23.746,86.426
23.746,86.422
23.754,86.416
23.758,85.853
23.76,85.861
23.765,86.391
23.769,86.388
23.769,86.384
23.771,86.203
23.771,86.392
23.776,86.366
23.778,86.374
23.786,86.302
23.787,86.333
23.802,86.324
23.803,84.846
23.807,86.317
23.823,85.498
23.981,90.636
24.119,86.355
24.163,82.56
24.191,82.574
24.207,82.71
24.326,81.326
24.451,83.039
26.296,74.123
26.642,79.477
26.761,83.201
20.788,85.268
20.79,85.257
20.8,85.259
20.865,84.995
20.865,84.991
20.868,84.995
20.872,84.992
20.947,85.013
20.951,85.01
20.956,85.143
20.957,85.015
20.959,85.17
20.96,85.166
20.96,85.143
20.961,85.181
20.963,85.167
20.964,86.011
20.966,85.19
20.966,85.167
20.97,85.168
20.97,85.141
20.973,86.001
20.973,85.165
20.977,85.139
20.978,85.135
20.98,85.147
21.079,85.031
21.081,85.039
21.082,85.036
21.191,81.392
21.244,79.223
21.34,81.672
21.342,81.67
21.364,81.65
21.673,82.079
21.754,83.842
21.766,84.021
21.768,84.026
21.77,84.018
21.772,84.022
21.794,83.991
21.889,82.054
21.915,83.351
21.97,85.315
21.987,83.233
21.992,85.327
22.005,82.668
22.009,83.328
22.029,83.745
22.032,83.745
22.037,83.354
22.054,85.467
22.055,88.123
22.056,83.725
22.058,88.128
22.133,85.416
22.167,85.437
22.209,84.878
22.211,84.867
22.214,84.867
22.218,84.868
22.225,84.753
22.268,75.131
22.313,84.769
22.316,82.522
22.323,82.657
22.326,82.684
22.327,82.675
22.332,82.538
22.358,87.288
22.36,87.019
22.361,87.016
22.364,87.02
22.789,86.198
22.791,86.206
22.797,86.207
22.799,86.092
23.361,83.226
23.666,85.0
23.667,84.996
24.168,80.694
24.761,74.605
17.611,83.202
18.685,73.031
18.725,79.539
19.788,79.146
20.125,79.023
21.105,72.64
14.875,78.051
15.17,76.38
15.172,76.788
15.338,76.279
16.872,80.02
27.824,73.222
24.66,74.635
26.296,74.126
21.102,72.646
21.112,72.632
21.156,72.738
22.263,75.134
18.861,72.926
22.325,82.678
24.171,82.564
24.187,82.575
27.319,95.268
27.603,95.401
27.315,95.268
27.316,95.264
27.319,95.269
27.32,95.265
23.982,90.639
20.782,85.257
20.789,85.268
20.795,85.253
20.81,85.258
20.941,86.061
20.945,86.057
20.948,85.01
20.95,85.01
20.956,85.011
20.96,85.167
20.961,85.189
20.976,85.136
20.979,85.148
21.079,85.042
21.08,85.036
21.197,81.395
21.296,81.607
21.673,84.04
21.674,82.083
21.765,84.02
21.795,83.989
21.918,83.35
21.923,83.346
21.924,83.337
21.968,85.315
21.97,85.316
22.038,83.35
22.043,83.74
22.051,88.103
22.082,84.863
22.133,85.418
22.203,84.576
22.21,84.865
22.211,84.861
22.214,84.865
22.22,84.754
22.224,84.751
22.324,82.548
22.331,82.532
22.335,82.543
22.367,87.302
22.377,87.281
22.799,86.09
22.799,86.208
22.799,86.203
22.875,86.061
23.167,82.335
23.169,82.341
23.17,82.335
23.359,83.226
23.51,87.277
23.605,87.154
23.609,87.145
23.629,86.288
23.656,85.509
23.669,84.996
23.682,86.085
23.686,87.121
23.689,87.098
23.69,87.122
23.691,87.112
23.694,87.118
23.696,87.104
23.701,86.073
23.723,85.007
23.725,86.439
23.725,85.523
23.729,85.02
23.731,85.02
23.734,86.425
23.747,85.507
23.755,85.852
23.757,86.403
23.757,86.398
23.758,86.392
23.759,86.418
23.759,85.853
23.766,86.394
23.769,86.385
23.772,86.391
23.773,86.395
23.775,86.385
23.779,86.349
23.789,86.352
23.79,86.373
23.794,86.236
23.799,87.05
23.8,87.046
23.827,85.499
24.165,82.561
24.448,83.039
21.245,79.221
15.075,76.864
15.174,76.377
15.177,76.676
15.178,77.103
15.182,76.789
17.065,76.979
31.621,74.427
32.296,74.313
26.642,79.48
28.118,76.798
28.745,76.955
24.166,80.696
24.578,74.804
26.872,73.516
19.104,73.054
19.104,73.051
15.179,76.68
20.793,85.257
22.797,86.206
23.726,85.009
24.168,82.566
27.317,95.268
15.179,76.667
27.318,95.266
27.379,95.089
27.462,95.478
26.065,93.931
21.488,81.767
21.755,84.021
21.757,83.844
21.759,84.025
21.763,83.845
21.879,83.553
21.923,83.345
21.924,83.335
21.93,83.336
21.933,85.22
21.969,85.312
22.032,83.358
22.032,83.357
22.055,88.121
22.055,85.464
22.083,84.86
22.085,84.86
22.133,85.382
22.136,85.381
22.221,84.755
22.391,85.769
22.589,85.903
22.594,85.904
22.786,86.207
22.798,86.198
22.799,86.201
22.804,86.088
22.875,86.062
23.363,83.226
23.509,87.279
23.528,85.698
23.631,86.292
23.635,86.299
23.663,85.0
23.665,85.002
23.671,86.091
23.672,84.994
23.675,86.109
23.675,86.105
23.678,86.071
23.679,86.397
23.69,86.385
23.694,86.079
23.694,87.115
23.695,87.109
23.721,86.446
23.721,86.443
23.722,85.522
23.725,85.007
23.727,86.44
23.73,85.019
23.731,85.008
23.731,85.004
23.736,86.421
23.736,85.008
23.741,86.422
23.744,86.425
23.746,86.423
23.757,85.856
23.759,86.397
23.759,86.394
23.77,86.392
23.771,86.386
23.772,86.202
23.772,86.199
23.777,86.207
23.781,86.39
23.782,86.37
23.789,86.307
23.801,87.051
23.825,85.497
23.981,90.639
24.171,82.561
24.172,82.559
24.183,82.575
24.184,82.579
24.185,82.572
24.19,82.575
24.207,82.711
20.786,85.261
20.786,85.257
20.789,85.26
20.811,85.255
20.865,84.992
20.87,84.997
20.87,84.993
20.948,86.051
20.948,86.048
20.952,85.009
20.963,86.005
20.963,86.05
20.973,86.003
20.975,85.17
20.975,85.166
20.977,85.144
20.978,85.137
20.979,85.13
21.077,85.04
21.078,85.033
21.351,81.663
21.377,81.678
21.38,81.641
17.613,83.202
29.126,75.777
22.22,84.757
23.171,82.34
24.58,74.803
24.715,75.953
24.821,73.092
26.873,73.519
27.67,76.129
27.828,73.222
20.128,79.023
20.695,78.639
21.236,79.63
21.25,79.224
21.377,81.639
21.67,82.082
21.679,84.043
21.681,84.036
21.756,84.024
21.765,84.019
21.923,83.338
21.93,83.339
22.207,84.848
22.326,82.662
22.327,82.547
22.335,82.624
18.68,73.036
19.721,79.175
19.785,79.148
21.111,72.635
15.154,76.711
15.175,76.787
15.18,76.657
15.181,77.104
15.183,76.667
15.19,76.659
22.8,86.209
14.874,78.052
15.172,76.667
15.177,76.659
20.96,85.164
20.97,86.014
22.216,84.87
23.785,86.208
23.807,86.331
22.063,88.117
22.367,87.301
22.592,85.903
22.787,86.196
22.8,86.204
22.801,86.088
23.51,87.28
23.687,86.387
23.693,87.103
23.693,87.097
23.726,86.438
23.755,86.414
23.756,86.4
23.756,86.393
23.783,86.203
23.784,86.39
20.79,85.256
20.79,85.248
20.797,85.249
20.945,86.052
20.961,85.177
31.33,76.895
31.592,74.412
31.621,74.432
31.622,74.427
32.101,74.177
23.509,87.282
23.518,87.273
23.529,85.699
23.605,87.151
23.616,86.792
23.633,86.295
23.659,85.508
23.667,86.917
23.679,86.105
23.697,87.116
23.723,85.525
23.739,85.01
23.74,85.006
23.76,85.86
23.774,86.209
23.774,86.389
23.774,86.211
23.775,86.204
23.775,86.206
23.788,86.333
23.795,86.353
23.796,86.349
23.804,87.047
24.204,80.8
26.299,74.124
27.667,76.13
27.825,73.224
20.79,85.263
20.791,85.254
20.949,85.011
20.961,85.17
20.962,85.166
20.964,85.164
20.965,85.186
20.967,85.178
20.967,85.172
20.969,85.159
20.97,85.162
20.975,85.135
20.98,85.136
21.075,85.038
21.076,85.034
21.081,85.035
21.343,81.67
21.367,81.645
21.379,81.68
21.384,81.656
21.671,82.08
21.761,84.024
21.924,83.354
21.933,85.219
22.006,82.667
22.033,83.744
22.053,88.129
22.057,85.466
22.083,84.863
22.098,84.375
22.206,84.853
22.207,84.846
22.216,84.867
22.222,84.755
22.223,84.752
22.331,82.606
22.337,82.625
22.364,73.116
22.592,85.906
22.795,86.205
22.801,86.207
22.803,86.09
22.816,86.087
22.86,86.057
23.17,82.338
24.051,80.616
24.166,80.694
24.17,80.695
24.481,77.146
24.485,77.147
24.578,74.801
24.935,74.635
17.221,79.024
17.603,83.201
17.622,83.195
17.96,80.8
18.69,73.04
18.693,73.04
19.788,79.15
21.112,72.637
15.023,78.016
15.171,76.379
15.181,76.665
15.333,76.287
15.528,73.994
17.146,78.223
17.609,83.205
20.79,85.261
20.968,86.014
21.798,83.99
23.784,86.21
23.561,87.238
23.67,86.918
23.689,87.102
23.691,87.113
23.692,87.108
23.694,87.124
23.75,86.422
23.775,86.211
23.78,86.207
23.797,86.345
23.807,86.319
26.268,74.188
26.273,74.188
26.76,83.199
26.876,73.515
20.782,85.256
20.785,85.265
20.789,85.266
20.791,85.258
20.868,84.991
20.888,84.979
20.954,86.049
20.961,85.165
20.964,85.192
20.965,85.166
20.965,85.187
20.967,85.158
20.968,85.175
20.968,85.171
20.969,85.167
20.97,85.163
20.971,85.158
20.972,86.005
20.976,85.134
20.979,85.139
21.072,85.042
21.081,85.04
21.192,81.394
21.296,81.606
21.299,81.606
21.326,81.578
21.673,82.083
21.753,84.027
21.758,84.022
21.927,83.337
21.93,85.22
22.037,83.355
22.051,88.107
22.058,88.124
22.084,84.863
22.131,85.417
22.206,84.861
22.209,84.87
22.209,84.846
22.211,84.878
22.214,84.843
22.214,84.863
22.217,84.868
22.315,82.535
22.323,82.655
22.324,82.542
22.331,82.607
22.365,87.298
22.369,87.299
22.791,86.212
22.796,86.209
22.801,86.093
22.858,86.058
22.876,86.062
22.962,85.999
23.169,82.338
23.484,87.357
23.547,86.544
23.559,87.247
23.614,86.793
23.633,86.296
23.679,86.088
23.683,86.089
23.725,85.524
23.73,86.448
23.742,85.008
23.988,79.392
24.204,80.802
24.661,74.634
24.713,75.955
17.605,83.204
17.622,83.197
18.723,79.536
18.859,72.926
19.962,79.334
20.705,78.623
21.106,72.628
21.109,72.633
21.233,79.632
14.875,78.053
15.023,78.015
15.024,78.012
15.069,76.867
15.136,76.708
15.15,76.71
15.169,76.381
15.178,76.659
15.659,73.989
17.063,76.98
13.897,76.565
15.178,76.678
20.962,85.165
20.972,85.164
20.978,85.136
21.349,81.664
22.212,84.87
22.796,86.205
23.739,85.009
21.151,72.739
26.27,74.187
20.939,86.059
20.943,86.06
20.973,86.008
21.681,84.043
21.766,84.023
21.795,83.991
21.876,83.556
21.878,83.545
21.914,83.353
21.921,83.354
21.923,83.343
21.925,83.342
21.928,85.222
21.966,85.315
22.022,83.379
22.029,83.746
22.03,83.364
22.034,83.361
22.099,84.376
22.13,85.42
22.202,84.577
22.206,84.87
22.208,84.878
22.211,84.84
22.211,84.86
22.221,84.757
22.315,84.767
22.324,82.541
22.324,82.676
22.327,82.685
22.335,82.651
22.357,87.291
22.391,85.771
22.593,85.905
22.79,86.193
22.963,85.998
23.166,82.338
23.482,87.358
23.547,86.543
23.61,87.15
23.61,87.145
23.619,86.86
23.622,85.643
23.631,85.633
23.631,86.295
23.667,84.998
23.668,84.991
23.673,86.087
23.686,87.122
23.696,86.08
23.704,86.073
23.71,85.404
23.736,85.015
23.736,85.011
23.737,85.007
23.744,85.509
23.758,86.393
23.762,86.394
23.767,86.386
23.77,86.199
23.773,86.392
23.773,86.204
23.774,86.363
23.776,86.208
23.78,86.348
23.785,86.341
23.787,86.304
23.795,86.237
23.801,87.048
23.807,84.846
24.137,82.564
24.327,81.328
18.722,79.539
18.722,79.534
20.124,79.023
20.863,84.993
20.958,85.144
20.96,85.168
20.961,85.187
20.963,85.172
20.964,85.188
20.965,85.161
20.966,85.157
20.971,85.17
20.972,85.143
21.106,72.641
21.107,72.628
21.182,81.382
21.195,81.392
21.244,79.226
21.247,79.226
21.248,79.221
21.324,81.577
21.347,81.663
21.388,81.645
22.265,75.132
15.15,76.712
15.177,77.103
15.182,76.792
17.063,76.978
17.14,77.183
17.145,78.225
17.599,83.193
17.601,83.2
17.621,83.196
18.684,73.033
18.858,72.924
32.72,72.924
24.822,73.093
24.823,73.093
18.858,72.923
22.052,88.103
22.327,82.549
23.685,86.082
23.727,86.442
21.105,72.633
26.645,79.475
26.645,79.476
21.879,83.546
21.918,83.356
22.03,83.747
22.033,83.364
22.034,83.356
22.039,83.737
22.051,88.102
22.132,85.384
22.202,84.578
22.213,84.844
22.217,84.869
22.326,82.675
22.358,87.291
22.363,87.02
22.364,87.3
22.379,87.29
22.8,86.088
23.165,82.341
23.361,83.224
23.482,87.354
23.484,87.362
23.565,87.092
23.605,87.152
23.609,87.149
23.618,86.863
23.655,85.509
23.663,84.998
23.669,86.09
23.672,86.935
23.679,86.096
23.684,86.392
23.719,86.451
23.737,85.022
23.745,86.423
23.745,85.51
23.746,85.505
23.76,86.417
23.764,86.391
23.767,86.391
23.768,86.387
23.775,86.384
23.781,86.398
23.781,86.345
23.782,86.389
23.799,87.058
23.81,86.319
24.117,86.351
24.172,82.564
24.193,82.576
24.924,84.155
19.705,79.216
19.721,79.174
19.787,79.148
20.79,85.259
20.805,85.257
20.887,84.982
20.945,86.056
20.966,85.168
20.968,86.018
20.974,85.164
20.974,86.002
21.077,85.031
21.08,85.041
21.188,81.388
21.194,81.414
21.199,81.415
21.297,81.607
21.302,81.607
21.377,81.645
21.674,82.079
22.266,75.134
22.266,75.132
17.062,76.978
17.063,76.976
17.145,78.221
17.147,78.226
15.075,76.863
15.15,76.709
15.173,76.653
15.182,76.788
24.662,74.632
26.641,79.482
26.642,79.482
26.879,73.515
27.825,73.223
21.104,72.632
21.107,72.636
21.108,72.64
21.108,72.636
20.886,84.98
22.051,88.104
23.695,86.08
23.759,85.856
24.868,92.023
22.212,84.838
22.22,84.755
22.368,87.299
22.792,86.212
23.165,82.338
23.168,82.336
23.484,87.359
23.551,87.241
23.563,87.087
23.564,87.09
23.667,84.997
23.667,86.091
23.668,86.092
23.694,87.112
23.695,87.107
23.725,85.004
23.726,86.444
23.755,85.856
23.802,86.328
23.982,90.637
24.119,86.353
24.136,82.568
24.173,82.562
24.206,82.711
24.208,82.714
19.966,79.331
19.966,79.333
20.783,85.261
20.784,85.264
20.887,84.981
20.942,86.057
20.968,85.172
21.08,85.03
21.245,79.22
21.364,81.677
21.367,81.643
21.392,81.647
21.676,84.04
21.757,84.021
21.925,83.348
21.926,83.336
22.035,83.363
22.035,83.36
22.037,83.35
22.041,83.353
22.052,85.463
22.053,85.462
22.135,85.381
22.222,84.757
22.325,82.66
17.147,78.224
17.61,83.201
29.124,75.778
32.717,72.775
26.876,73.517
26.928,73.468
27.827,73.222
21.919,83.356
21.922,83.341
21.93,83.343
22.326,82.663
22.328,82.541
23.17,82.342
24.578,74.805
24.692,73.004
18.68,73.038
15.069,76.868
15.076,76.865
15.181,76.656
17.146,78.225
22.322,82.542
22.795,86.21
23.682,86.399
23.78,86.209
29.455,76.869
22.783,86.201
22.795,86.207
22.796,86.197
23.553,87.24
23.613,86.786
23.632,86.292
23.656,85.504
23.657,85.504
23.688,86.388
23.691,87.115
23.7,86.073
23.722,86.44
23.722,85.007
23.727,85.008
23.728,85.001
23.728,86.441
23.729,85.008
23.73,85.001
23.733,86.422
23.743,85.009
23.755,85.853
23.756,85.851
23.761,86.393
23.762,85.854
23.767,86.389
24.87,92.021
20.786,85.255
20.793,85.249
20.969,85.166
21.678,84.035
21.754,83.838
21.755,84.02
21.761,83.839
21.928,83.335
21.97,85.314
22.029,83.361
22.056,85.462
31.328,76.894
31.622,74.434
32.204,74.225
23.803,87.05
26.873,73.518
26.88,73.515
26.925,73.468
27.666,76.13
20.959,85.163
20.961,85.163
20.966,85.165
20.97,86.016
20.975,85.133
20.979,85.136
21.367,81.68
21.376,81.64
21.382,81.658
21.544,81.948
21.679,84.041
21.731,82.216
21.762,84.024
21.875,83.497
21.879,83.556
21.927,85.222
21.931,85.224
21.933,85.223
22.003,82.671
22.01,83.329
22.021,83.381
22.031,83.363
22.04,83.352
22.13,85.417
22.206,84.85
22.214,84.842
22.317,82.534
22.322,82.658
22.324,82.673
22.325,82.547
22.326,82.54
22.334,82.604
22.799,86.205
22.8,86.205
22.801,86.087
22.816,86.086
23.66,85.505
23.672,86.106
23.686,86.398
23.739,85.005
23.776,86.211
23.776,86.395
23.781,86.374
23.785,86.207
24.169,82.559
24.819,73.094
26.298,74.128
17.955,80.8
18.718,79.536
21.103,72.65
21.19,81.39
22.265,75.131
15.179,76.666
15.188,76.66
15.224,76.764
18.689,73.042
18.804,74.26
20.967,86.015
21.076,85.046
31.621,74.431
27.668,76.131
21.678,84.04
21.768,84.028
21.878,83.497
21.932,85.222
21.971,85.312
21.984,83.233
22.008,83.33
22.029,83.744
22.034,83.363
22.035,83.359
22.039,83.74
22.041,83.352
22.043,83.738
22.054,88.127
22.134,85.416
22.245,87.389
22.316,82.523
22.324,82.677
22.324,82.655
22.324,82.546
22.325,82.541
22.362,87.301
22.589,85.908
22.595,85.905
22.789,86.204
22.792,86.193
22.809,86.086
22.855,86.057
22.874,86.065
23.488,87.368
23.514,87.273
23.565,87.093
23.604,87.154
23.615,86.793
23.632,86.298
23.655,85.506
23.671,86.113
23.672,86.933
23.672,86.107
23.685,86.094
23.688,87.1
23.698,86.08
23.716,86.443
23.719,86.449
23.723,85.524
23.73,86.446
23.735,86.424
23.747,85.506
23.785,86.211
23.789,86.332
23.796,86.348
23.799,87.045
23.803,84.845
23.806,86.319
24.169,80.695
24.204,80.801
24.578,74.802
24.663,74.632
24.715,74.669
19.963,79.335
20.791,85.256
20.797,85.252
20.807,85.254
20.864,84.996
20.942,86.058
20.956,85.014
21.103,72.648
21.108,72.643
21.247,79.222
21.298,81.613
21.324,81.579
21.376,81.637
21.544,81.949
21.732,82.217
15.684,78.459
17.22,79.024
17.957,80.799
19.102,73.053
13.162,80.286
13.899,76.563
15.149,76.71
15.169,76.67
15.18,77.105
15.18,76.664
15.183,76.646
15.188,76.658
15.332,76.286
15.658,73.987
20.865,84.997
22.327,82.677
29.46,76.868
27.318,95.269
27.319,95.262
32.718,72.774
26.76,83.201
27.317,95.265
29.125,75.775
29.454,76.867
29.458,76.866
29.459,76.867
29.462,76.867
22.168,85.437
22.209,84.859
22.213,84.839
22.22,84.753
22.223,84.758
22.224,84.754
22.365,87.017
22.37,87.301
22.54,91.7
22.79,86.2
22.802,86.09
23.484,87.361
23.485,87.356
23.506,87.282
23.563,87.228
23.609,87.146
23.663,86.915
23.664,85.552
23.674,86.087
23.677,86.403
23.679,86.097
23.715,86.441
23.729,86.449
23.731,85.021
23.739,85.014
23.748,85.507
23.768,86.401
23.768,86.396
23.774,86.202
23.774,86.197
23.774,86.383
23.78,86.371
23.784,86.395
23.792,86.35
23.804,86.324
23.804,86.326
23.807,86.332
24.118,86.352
24.193,82.574
24.205,82.711
24.449,83.038
24.529,81.17
26.269,74.189
26.274,74.189
19.961,79.333
20.127,79.023
20.79,85.25
20.804,85.257
20.864,84.997
20.869,84.989
20.955,85.18
20.961,85.168
20.965,85.169
20.965,85.165
20.965,85.158
20.966,85.154
20.969,86.019
20.969,85.143
20.971,86.005
20.977,85.134
20.98,85.139
21.073,85.044
21.078,85.037
21.107,72.63
21.181,81.379
21.186,81.392
21.189,81.392
21.193,81.389
21.248,79.222
21.363,81.647
21.365,81.678
21.366,81.651
21.377,81.646
21.391,81.648
21.674,84.041
21.762,84.025
21.796,83.988
21.877,83.497
21.879,83.548
21.93,85.223
21.931,85.219
21.987,83.234
22.029,83.743
22.041,83.737
22.083,84.861
22.321,82.541
22.322,82.538
22.324,82.656
22.325,82.542
22.326,82.683
22.327,82.676
22.33,82.531
15.167,76.666
15.171,76.667
15.174,76.677
15.178,76.677
15.179,77.105
15.335,76.287
20.796,85.253
20.885,84.985
20.976,86.008
21.194,81.419
22.213,84.84
22.214,84.844
22.215,84.84
22.326,82.678
27.32,95.268
26.523,90.532
27.605,95.402
27.607,95.401
22.536,91.701
22.799,86.202
23.481,87.355
23.51,87.279
23.548,87.247
23.562,87.091
23.566,87.092
23.632,86.299
23.636,86.299
23.662,85.551
23.666,86.093
23.671,84.991
23.671,86.936
23.675,86.107
23.678,86.087
23.679,86.099
23.684,86.092
23.69,87.102
23.727,85.026
23.737,85.006
23.739,85.015
23.74,85.015
23.761,85.854
23.771,86.206
23.773,86.365
23.774,86.385
23.783,86.395
23.785,86.308
23.803,84.842
24.166,82.562
24.193,82.577
24.325,81.329
24.45,83.041
20.516,85.725
20.786,85.266
20.787,85.258
20.79,85.266
20.883,84.983
20.958,85.143
20.963,85.18
20.966,85.184
20.968,85.169
20.971,85.169
20.972,85.166
20.972,85.142
21.073,85.045
21.151,72.735
21.298,81.609
21.299,81.605
21.363,81.653
21.364,81.676
21.369,81.642
21.759,83.844
21.768,84.025
21.917,83.351
21.983,83.23
22.031,83.362
22.166,85.435
22.206,84.871
22.213,84.872
22.223,84.751
22.265,75.13
22.315,84.769
22.332,82.535
22.336,82.653
22.375,87.281
17.144,78.22
19.722,79.173
13.16,80.282
13.715,79.623
15.139,76.709
15.178,76.788
15.183,76.789
15.223,76.761
29.911,74.95
31.603,74.405
22.265,75.136
24.819,73.095
18.685,73.039
21.101,72.652
21.101,72.654
21.11,72.637
21.112,72.635
21.154,72.739
20.954,86.05
21.76,83.842
22.328,82.678
23.785,86.209
26.524,90.531
27.317,95.266
27.607,95.402
26.637,79.48
26.522,90.531
23.61,86.789
23.632,85.63
23.666,84.995
23.679,86.402
23.679,86.395
23.692,87.098
23.696,86.078
23.716,86.445
23.725,85.009
23.728,85.02
23.728,85.024
23.74,86.424
23.789,86.371
23.982,90.638
24.168,82.564
24.194,82.578
24.205,82.714
20.886,84.982
20.89,84.982
20.952,86.048
20.961,85.173
20.971,85.165
20.974,86.007
20.975,85.134
20.975,85.171
20.977,85.148
21.194,81.397
21.244,79.225
21.246,79.221
21.393,81.646
21.925,83.351
22.04,83.739
22.201,84.579
22.212,84.86
22.214,84.841
22.215,84.876
22.215,84.871
22.243,87.389
22.324,82.543
22.335,82.541
22.335,82.65
22.79,86.205
22.795,86.206
17.148,78.22
17.148,78.224
15.177,77.102
15.178,76.676
31.329,76.896
32.102,74.175
32.718,72.775
26.644,79.481
26.875,73.518
27.67,76.128
21.393,81.647
23.167,82.348
25.672,76.188
20.124,79.022
21.153,72.737
21.155,72.739
15.071,76.868
15.18,77.102
15.181,76.653
17.143,78.224
23.785,86.21
18.686,73.041
20.871,84.998
20.961,86.014
20.965,86.017
27.316,95.267
27.32,95.264
27.603,95.402
23.508,87.282
23.561,87.236
23.674,86.104
23.676,86.086
23.684,86.389
23.735,86.421
23.74,86.422
23.746,86.418
23.754,86.398
23.76,86.394
23.808,86.315
26.523,90.533
26.762,83.198
20.81,85.255
20.884,84.98
20.892,84.983
20.966,85.164
20.973,85.171
20.974,85.166
21.078,85.04
21.079,85.03
21.373,81.642
21.759,83.839
21.77,84.024
21.771,84.019
21.929,83.341
22.039,83.351
22.225,84.751
22.782,86.203
22.788,86.204
22.794,86.204
22.799,86.209
22.804,86.09
31.591,74.413
31.622,74.432
21.878,83.495
21.885,83.55
22.03,83.366
22.038,83.739
22.04,83.353
22.322,82.539
22.322,82.665
22.327,82.54
22.338,82.624
22.794,86.207
23.681,86.4
23.718,86.45
23.737,85.011
23.794,86.356
23.801,87.052
24.764,74.61
24.935,74.634
26.871,73.518
26.927,73.469
19.786,79.15
21.346,81.667
21.377,81.683
21.39,81.65
21.676,82.082
18.683,73.043
18.686,73.043
18.694,73.04
18.858,72.926
15.177,76.66
15.178,77.101
15.186,76.657
26.521,90.533
21.297,81.61
21.756,83.84
21.919,83.35
22.786,86.209
26.52,90.539
23.691,87.119
23.692,87.112
26.52,90.533
22.365,87.297
31.606,74.405
22.589,85.905
22.594,85.906
23.549,86.546
23.633,85.632
23.68,86.401
23.687,86.396
23.688,87.123
23.691,87.106
23.692,87.102
23.696,87.116
23.718,86.452
23.738,85.007
23.74,85.007
23.747,86.422
23.762,86.404
23.763,86.397
23.766,86.383
23.778,86.209
23.779,86.375
23.803,87.046
23.828,85.499
23.991,79.394
24.716,75.954
26.272,74.19
26.297,74.124
26.879,73.512
19.787,79.15
20.703,78.62
20.706,78.625
20.707,78.621
20.784,85.266
20.785,85.263
20.87,84.991
20.964,86.012
21.113,72.635
21.192,81.392
21.672,82.082
21.874,83.496
22.042,83.74
22.205,84.849
22.315,82.533
22.337,82.623
17.142,77.184
17.96,80.801
18.684,73.04
19.722,79.176
13.898,76.565
15.073,76.864
15.173,76.788
15.181,76.666
15.185,76.639
15.227,76.765
27.317,95.267
17.958,80.803
27.317,95.264
27.467,95.422
27.603,95.404
27.603,95.4
27.314,95.265
27.32,95.267
27.468,95.425
28.742,76.956
29.456,76.866
22.785,86.2
22.791,86.213
22.797,86.203
22.811,86.088
23.507,87.283
23.547,86.548
23.662,85.554
23.685,86.388
23.689,86.389
23.691,86.388
23.696,86.079
23.697,86.074
23.727,86.448
23.776,86.363
23.777,86.397
23.782,86.392
23.789,86.355
23.805,86.314
23.981,90.638
24.054,80.615
24.528,81.17
24.579,74.801
24.595,80.862
24.66,74.63
20.515,85.726
20.786,85.27
20.96,85.171
20.961,86.007
20.965,86.008
20.966,85.161
20.97,85.169
20.974,85.17
20.975,85.132
20.976,85.148
20.979,85.133
20.979,85.145
21.073,85.041
21.076,85.047
21.18,81.382
21.366,81.677
21.486,81.767
21.541,81.948
21.767,84.021
21.967,85.312
22.041,83.741
22.058,88.127
22.058,83.727
22.131,85.414
22.316,82.535
22.322,82.54
22.323,82.656
22.325,82.54
22.36,87.016
18.686,73.037
18.69,73.042
18.691,73.037
19.963,79.336
20.126,79.024
21.104,72.643
15.173,76.68
15.174,76.376
15.183,76.64
15.66,73.988
15.173,76.678
20.973,85.172
23.631,86.297
23.668,86.92
23.683,86.398
23.785,86.333
23.632,85.632
23.684,86.084
23.689,87.101
23.698,86.079
23.718,86.442
23.768,86.385
23.77,86.2
23.775,86.213
23.8,87.052
23.809,86.32
23.982,90.64
24.118,86.357
24.193,82.578
24.205,82.712
28.117,76.798
20.806,85.256
20.956,85.146
20.958,85.172
20.967,86.01
20.972,85.171
20.972,85.167
21.233,79.628
21.299,81.608
21.379,81.646
21.987,83.231
22.207,84.86
22.208,84.879
22.211,84.857
22.335,82.649
22.339,82.649
23.168,82.337
23.67,84.989
23.991,79.393
23.991,79.39
24.765,74.608
17.624,83.195
18.68,73.031
15.657,73.987
29.907,74.953
21.106,72.65
21.109,72.639
18.681,73.04
20.972,85.17
29.461,76.866
13.16,80.287
15.229,76.764
23.693,90.512
24.87,92.022
26.643,79.478
26.643,79.473
20.884,84.979
20.966,85.181
20.97,86.004
20.971,85.143
20.971,85.171
20.975,85.172
20.976,85.166
21.982,83.23
22.033,83.358
22.038,83.354
22.098,84.377
22.133,85.383
22.205,84.87
22.208,84.846
22.211,84.858
22.213,84.843
22.325,82.545
22.338,82.652
22.791,86.198
23.548,86.544
23.63,86.298
23.664,84.998
23.695,86.076
23.698,86.075
23.699,86.076
23.729,85.022
23.76,86.415
23.767,86.39
23.785,86.336
23.785,86.304
23.789,86.373
23.987,79.39
24.327,81.327
24.481,77.144
17.611,83.203
18.726,79.535
19.965,79.334
19.966,79.334
15.178,76.674
15.181,77.101
17.065,76.977
32.203,74.22
32.723,72.924
26.642,79.481
26.645,79.482
24.48,77.149
24.688,73.003
21.105,72.65
18.689,73.04
15.175,76.378
15.178,76.68
20.787,85.26
20.888,84.985
20.965,86.011
23.695,86.078
15.225,76.76
15.23,76.759
22.326,82.542
22.326,82.541
21.764,83.843
21.932,85.217
21.985,83.229
22.391,85.77
22.79,86.194
22.794,86.205
22.871,86.062
22.877,86.062
23.169,82.336
23.508,87.28
23.565,87.091
23.633,86.294
23.656,85.506
23.668,86.922
23.675,86.4
23.679,86.089
23.696,86.077
23.754,86.415
23.779,86.207
23.982,90.636
20.782,85.255
20.949,86.05
20.949,86.047
20.962,85.187
20.968,85.164
20.969,86.01
20.969,85.17
20.971,85.142
20.971,85.135
20.977,85.145
21.076,85.033
31.328,76.897
32.084,74.162
32.203,74.224
32.721,72.923
32.727,72.819
31.59,74.413
23.165,82.344
23.804,84.842
24.17,80.696
24.208,82.71
25.672,76.19
26.646,79.483
26.872,73.519
21.186,81.393
21.378,81.643
21.93,83.338
22.003,82.672
22.004,82.667
22.321,82.542
22.322,82.536
24.691,73.001
18.686,73.036
19.723,79.176
15.074,76.867
15.15,76.711
15.18,76.665
15.525,73.992
15.183,76.643
20.965,86.009
20.965,86.013
21.922,83.355
23.773,86.216
21.928,85.22
21.93,85.217
22.365,87.014
22.377,87.277
22.592,85.904
22.785,86.202
22.8,86.086
23.678,86.4
23.686,86.387
23.723,86.445
23.723,86.443
23.753,86.419
23.758,85.85
23.761,85.855
20.787,85.254
20.791,85.252
20.943,86.053
20.963,85.184
20.965,85.162
20.976,85.171
32.718,72.777
28.744,76.956
28.794,77.149
29.458,76.867
31.329,76.894
31.606,74.406
32.294,74.31
23.564,87.092
23.612,86.787
23.676,86.084
23.688,86.394
23.692,87.124
23.693,87.119
23.695,87.114
23.695,86.077
23.743,85.011
23.784,86.347
23.786,86.206
23.822,85.5
26.875,73.516
20.787,85.269
20.948,85.009
20.958,85.175
20.959,85.171
21.078,85.046
21.346,81.663
21.672,82.084
21.796,83.99
21.927,83.349
21.928,85.224
21.928,83.343
21.93,83.337
22.034,83.364
22.035,83.358
22.041,83.351
22.056,85.464
22.209,84.866
22.212,84.878
22.212,84.874
22.245,87.391
22.324,82.54
22.33,82.603
22.38,87.283
22.859,86.055
24.691,73.002
17.219,79.023
17.613,83.206
18.685,73.043
19.103,73.052
20.702,78.622
15.174,76.38
15.176,76.655
15.181,76.647
15.182,76.642
31.605,74.405
31.62,74.433
23.513,87.275
23.604,87.151
23.68,86.394
23.695,87.123
23.772,86.2
23.793,86.349
23.797,86.354
23.829,85.5
23.927,85.343
26.27,74.188
26.761,83.198
28.742,76.954
28.746,76.954
20.79,85.268
20.866,84.991
20.869,84.993
20.869,84.996
20.965,85.17
20.966,86.015
21.195,81.393
21.196,81.389
21.199,81.401
21.203,81.402
21.344,81.667
21.933,85.222
22.038,83.353
22.132,85.383
22.169,85.438
22.206,84.849
22.208,84.861
22.225,84.752
22.79,86.202
22.798,86.093
22.808,86.09
23.696,86.075
23.709,85.405
23.719,85.011
24.159,82.561
24.527,81.168
24.565,81.005
24.595,80.861
18.694,73.043
19.963,79.334
20.706,78.62
21.234,79.631
15.17,76.666
15.171,76.662
15.182,76.79
15.523,73.998
15.685,78.459
13.716,79.626
22.057,88.124
21.107,72.65
22.792,86.206
18.853,72.931
21.101,72.649
21.107,72.635
23.693,90.513
23.695,90.505
20.889,84.981
20.958,85.145
20.962,85.176
20.964,85.165
20.977,85.168
21.082,85.035
21.544,81.947
21.752,84.024
21.795,83.99
21.875,83.494
21.932,85.22
21.979,83.24
22.027,83.366
22.04,83.349
22.168,85.436
22.212,84.858
22.214,84.866
22.215,84.839
22.317,82.525
22.325,82.657
22.325,82.656
22.789,86.208
22.79,86.204
22.809,86.09
23.609,87.148
23.613,86.787
23.623,85.644
23.633,86.298
23.663,86.919
23.668,84.997
23.67,86.937
23.682,86.089
23.708,86.078
23.716,86.444
23.729,85.019
23.758,85.859
23.763,86.396
23.769,86.402
23.788,86.352
23.805,86.315
23.807,84.848
23.988,79.394
24.118,86.35
24.207,82.713
24.449,83.037
24.659,74.632
20.8,85.258
20.871,84.997
21.344,81.666
21.348,81.663
15.023,78.013
15.068,76.868
15.171,76.381
15.171,76.376
15.173,76.659
15.18,76.668
15.316,76.254
15.528,73.993
17.604,83.202
13.161,80.284
32.203,74.222
32.294,74.312
32.297,74.312
20.869,84.998
20.886,84.985
20.964,86.009
20.973,85.17
21.922,83.354
27.316,95.268
27.318,95.264
26.759,83.201
26.759,83.199
21.878,83.547
22.055,85.465
22.202,84.579
22.209,84.867
22.322,82.541
22.331,82.533
22.81,86.091
22.874,86.064
23.512,87.279
23.56,87.234
23.614,86.791
23.63,85.632
23.667,84.999
23.672,86.113
23.673,86.935
23.676,86.399
23.724,86.44
23.727,85.005
23.729,85.021
23.734,86.424
23.742,85.007
23.744,86.426
23.746,85.51
23.752,85.855
23.767,86.394
23.99,79.39
24.118,86.349
24.167,82.563
24.172,82.563
19.725,79.175
20.786,85.265
20.798,85.258
20.865,84.994
20.96,85.165
20.97,85.172
20.97,85.144
21.078,85.036
21.081,85.034
21.195,81.416
21.247,79.221
17.604,83.203
15.138,76.708
15.173,76.656
15.175,76.377
32.103,74.177
32.72,72.923
28.119,76.798
31.329,76.898
31.603,74.407
18.687,73.031
19.099,73.052
20.972,85.172
21.762,83.846
24.207,82.714
27.535,95.403
27.606,95.401
22.208,84.863
22.212,84.877
22.212,84.873
22.225,84.75
22.325,82.659
22.792,86.207
22.859,86.056
22.877,86.064
23.549,86.543
23.552,87.241
23.562,87.237
23.607,87.153
23.616,86.861
23.696,87.122
23.728,85.003
23.737,85.017
23.802,86.327
23.826,85.497
23.984,90.637
24.208,82.709
20.794,85.25
20.798,85.252
20.807,85.253
20.942,86.06
20.965,85.189
20.977,85.167
20.98,85.144
21.19,81.388
21.196,81.394
21.379,81.639
21.379,81.641
21.674,84.04
21.762,83.841
21.771,84.018
21.879,83.494
22.002,82.666
22.008,82.667
22.008,82.67
31.26,76.924
32.717,72.776
32.723,72.923
26.267,74.189
26.873,73.515
26.879,73.513
26.926,73.469
21.916,83.349
21.926,83.35
21.927,83.336
22.326,82.537
22.331,82.602
17.955,80.798
18.681,73.041
19.101,73.053
15.152,76.709
15.152,76.711
15.335,76.285
27.318,95.268
18.68,73.033
21.793,72.65
22.005,83.33
22.362,87.3
22.376,87.279
22.535,91.705
22.877,86.06
23.517,87.272
23.553,87.239
23.56,87.235
23.565,87.087
23.68,86.091
23.681,86.08
23.722,86.447
23.724,85.006
23.731,85.006
23.755,86.396
23.756,85.857
23.756,85.858
23.781,86.388
20.807,85.252
20.883,84.981
20.887,84.98
20.89,84.981
20.972,85.145
20.977,85.169
21.081,85.041
21.677,84.034
21.756,84.02
21.763,84.021
21.767,84.018
21.921,83.345
21.921,83.343
21.929,83.335
21.932,85.216
21.934,85.217
21.971,85.31
22.066,88.119
23.56,87.244
23.696,87.108
23.802,87.044
23.802,86.332
24.117,86.355
24.448,83.04
26.296,74.125
26.639,79.478
26.926,73.468
28.119,76.797
20.785,85.268
20.964,85.162
20.97,85.137
21.195,81.389
21.578,82.023
21.764,84.024
21.77,84.026
21.772,84.018
21.889,82.052
21.926,83.353
21.927,83.348
21.928,85.221
22.032,83.366
22.033,83.743
22.05,88.124
22.322,82.656
22.81,86.088
23.729,85.024
23.745,85.009
23.803,84.843
23.823,85.503
24.482,77.145
24.714,75.954
24.763,74.61
24.933,74.635
18.805,74.259
20.694,78.638
21.109,72.64
15.174,76.786
15.176,76.66
18.68,73.041
19.961,79.334
21.2,81.401
26.642,79.478
22.054,88.12
29.455,76.866
22.213,84.841
22.22,84.76
22.222,84.75
22.227,84.752
22.324,82.539
22.332,82.607
23.166,82.343
23.559,87.229
23.678,86.103
23.695,87.105
23.732,85.023
23.772,86.201
23.778,86.386
23.785,86.33
23.79,86.349
23.823,85.502
23.828,85.503
24.527,81.17
24.564,81.003
24.713,75.951
20.863,84.994
20.961,85.18
20.962,85.163
21.107,72.643
21.112,72.638
21.235,79.629
21.364,81.652
17.143,77.183
15.148,76.712
15.173,76.664
15.173,76.661
15.183,76.791
15.184,76.633
15.185,76.652
15.225,76.761
15.339,76.279
15.523,73.999
20.985,85.131
22.248,87.391
23.678,86.106
26.643,79.48
26.643,79.477
22.535,91.7
22.589,85.906
22.792,86.198
22.799,86.2
22.811,86.091
22.873,86.061
23.511,87.275
23.548,86.547
23.558,87.229
23.562,87.23
23.565,87.088
23.631,85.631
23.657,85.506
23.663,85.55
23.668,84.99
23.675,86.403
23.697,86.076
23.698,86.078
23.699,90.531
23.7,90.529
23.705,86.073
23.731,86.447
23.735,86.425
23.747,85.51
23.747,86.418
23.747,86.42
23.765,86.382
23.778,86.375
24.191,82.575
24.204,82.71
24.763,74.607
26.269,74.187
19.965,79.335
20.794,85.253
20.941,86.057
20.96,85.169
20.963,85.191
20.976,85.137
20.985,85.13
21.113,72.634
21.183,81.383
21.192,81.389
21.389,81.647
21.543,81.949
21.575,82.022
21.762,84.026
21.794,83.988
21.889,82.053
21.916,83.355
22.024,83.378
22.026,83.367
17.142,77.182
17.597,83.193
18.855,72.926
19.019,72.89
15.174,76.785
27.535,95.401
26.64,79.478
27.376,95.086
28.794,77.148
22.362,87.019
22.365,87.016
22.38,87.29
22.8,86.208
22.814,86.084
23.513,87.279
23.566,87.091
23.612,87.15
23.612,86.788
23.624,85.643
23.632,86.3
23.634,86.3
23.663,86.917
23.667,86.918
23.67,86.919
23.671,86.934
23.671,86.114
23.677,86.402
23.679,86.083
23.705,86.072
23.724,85.004
23.737,85.015
23.738,85.006
23.741,86.425
23.741,85.011
23.748,85.509
23.761,86.4
23.764,86.381
23.768,86.402
23.789,86.334
23.824,85.497
23.983,90.637
24.205,82.708
26.639,79.477
26.644,79.477
20.242,86.606
20.783,85.268
20.884,84.984
20.888,84.981
20.974,86.001
20.977,86.005
20.977,85.131
20.981,85.132
21.082,85.038
21.103,72.64
21.11,72.641
21.111,72.626
21.153,72.732
21.299,81.613
21.758,83.841
21.761,83.846
22.036,83.733
22.064,88.12
22.203,84.848
22.213,84.875
22.247,87.388
22.266,75.131
22.323,82.541
22.326,82.543
17.066,76.978
17.601,83.201
18.682,73.04
19.721,79.173
15.075,76.865
15.176,76.786
15.178,76.672
32.295,74.312
32.72,72.925
22.366,73.116
18.856,72.93
21.152,72.737
22.065,88.124
23.8,87.041
23.804,87.04
27.318,95.265
27.47,95.422
27.607,95.404
22.537,91.703
23.51,87.278
23.548,86.545
23.556,87.239
23.669,84.994
23.691,90.513
23.693,87.105
23.694,90.514
23.722,86.446
23.727,85.003
23.776,86.383
23.777,86.199
23.783,86.335
23.784,86.391
23.983,90.638
24.173,82.563
26.643,79.476
26.763,83.199
20.784,85.258
20.957,85.145
20.959,85.168
20.962,86.007
20.971,86.0
20.977,85.166
21.308,81.592
21.312,81.59
21.681,84.041
21.755,83.844
21.77,84.022
21.879,83.493
21.971,85.313
21.982,83.231
22.037,83.731
22.04,83.354
22.132,85.381
22.323,82.542
22.329,82.532
22.368,87.298
22.811,86.089
23.362,83.223
31.62,74.429
26.643,79.481
26.878,73.514
28.122,76.797
23.172,82.34
21.105,72.63
15.34,76.277
18.681,73.038
18.854,72.931
22.323,82.539
27.536,95.399
23.617,86.861
23.618,86.79
23.672,86.112
23.681,86.082
23.687,86.083
23.72,86.444
23.732,85.008
23.737,85.023
23.745,86.425
23.745,86.421
23.765,86.389
23.788,86.331
24.208,82.713
26.762,83.197
20.785,85.256
20.891,84.978
20.958,85.17
21.368,81.678
21.764,84.017
21.765,83.843
21.77,84.023
21.77,84.017
21.925,83.346
22.007,82.672
22.21,84.866
22.327,82.659
22.363,87.016
22.37,87.299
22.782,86.202
22.798,86.087
22.876,86.06
23.671,84.995
31.259,76.926
31.259,76.924
31.326,76.896
32.101,74.175
32.719,72.775
32.722,72.923
26.642,79.479
27.826,73.222
21.752,84.026
21.754,84.021
21.76,84.022
22.037,83.351
22.042,83.736
22.207,84.863
22.322,82.655
22.324,82.537
22.325,82.539
22.336,82.622
22.785,86.204
22.873,86.063
23.557,87.236
23.559,87.235
23.659,85.507
23.676,86.104
23.688,86.395
23.692,87.119
24.714,74.672
26.606,73.686
26.872,73.517
20.963,85.163
20.968,86.008
20.97,86.01
21.245,81.769
21.369,81.677
13.163,80.286
15.187,76.655
20.965,86.015
20.966,86.016
21.755,84.027
22.066,88.126
29.264,91.924
22.37,87.295
22.536,91.704
23.566,87.088
23.69,87.095
23.693,90.509
23.697,87.111
32.717,72.772
29.125,75.777
31.259,76.925
31.329,76.895
22.247,87.387
22.248,87.39
22.374,87.282
23.562,87.232
23.603,87.152
23.617,86.791
23.618,86.862
23.625,85.643
23.659,86.445
23.666,86.923
23.683,86.09
23.686,86.397
23.728,85.025
23.761,85.859
23.792,86.234
24.172,82.562
24.716,75.955
24.935,74.632
25.671,76.19
26.641,79.48
26.645,79.48
20.706,78.621
20.79,85.255
20.869,84.99
20.976,85.145
21.08,85.043
21.082,85.033
21.099,72.653
21.184,81.382
21.245,81.771
21.312,81.591
21.761,84.023
21.878,83.494
22.002,82.668
22.006,82.673
22.059,83.723
22.315,82.521
22.326,82.549
18.72,79.533
19.724,79.174
19.788,79.148
15.169,76.671
15.174,76.789
15.522,73.997
18.684,73.044
23.671,86.935
29.907,74.946
22.534,91.704
23.484,87.36
23.61,87.144
23.613,86.785
23.624,85.642
23.673,86.115
23.674,86.088
23.68,86.1
23.68,86.102
23.692,90.51
23.721,85.009
23.746,85.508
23.76,86.403
23.764,86.382
23.779,86.346
23.786,86.309
23.806,84.848
23.825,85.502
24.172,82.566
24.528,81.168
24.595,80.86
20.785,85.267
20.967,85.137
20.97,85.143
20.976,85.133
20.978,85.144
21.181,81.381
21.189,81.394
21.231,79.629
21.234,79.629
21.249,79.223
21.364,81.651
21.366,81.678
21.388,81.648
21.575,82.023
21.673,84.041
21.754,84.026
21.765,84.023
21.97,85.312
22.039,83.349
22.314,82.535
22.321,82.661
22.322,82.657
22.369,87.3
22.37,87.296
22.8,86.202
24.052,80.613
17.609,83.206
17.955,80.802
17.959,80.802
18.681,73.032
20.697,78.639
14.604,78.521
15.148,76.71
15.173,76.66
15.187,76.642
15.316,76.252
15.914,77.362
15.915,77.363
13.554,77.012
22.056,88.126
22.36,87.021
22.363,87.021
23.777,86.339
24.193,82.579
25.437,86.07
27.319,95.263
27.605,95.405
23.69,90.511
23.695,90.51
24.869,92.022
26.269,74.188
20.79,85.26
20.8,85.257
20.94,86.061
20.975,85.137
21.683,84.043
21.819,83.994
21.877,83.548
21.916,83.356
21.924,83.349
21.992,85.328
22.041,83.736
22.375,87.282
22.379,87.282
22.815,86.084
23.529,85.698
23.735,85.015
23.744,85.508
23.789,86.372
23.804,84.845
23.82,85.497
18.72,79.537
21.233,79.626
15.528,73.991
16.871,80.02
29.906,74.953
21.103,72.631
18.858,72.931
21.192,81.418
27.533,95.401
21.674,84.039
21.756,83.842
21.761,84.018
21.804,83.888
21.879,83.545
22.036,83.732
22.064,88.119
22.203,84.579
22.327,82.658
22.376,87.282
23.363,83.224
23.483,87.355
23.672,86.115
23.672,86.117
23.689,87.124
23.694,90.511
23.72,86.451
23.736,85.007
23.756,85.856
23.76,85.857
23.761,86.391
23.764,86.397
23.769,86.387
23.778,86.347
23.78,86.204
23.784,86.332
23.798,86.345
23.799,87.052
23.926,85.343
20.866,84.989
20.957,85.143
20.964,86.005
20.964,85.183
20.969,85.144
20.977,85.146
20.979,85.135
20.983,85.13
21.374,81.639
15.025,78.012
15.172,76.785
15.172,76.657
15.179,76.652
16.875,80.119
17.61,83.2
29.459,76.889
24.167,80.695
24.932,74.636
21.106,72.638
15.175,76.379
18.857,72.931
27.379,95.087
22.002,82.67
22.035,83.731
22.21,84.841
22.361,87.019
23.717,86.448
23.723,86.442
23.728,86.443
23.787,86.332
23.803,86.324
20.964,86.052
20.97,85.148
21.753,83.843
29.458,76.868
31.328,76.896
31.621,74.433
32.205,74.224
24.053,80.612
26.606,73.683
27.666,76.129
21.184,81.392
21.232,79.628
21.368,81.644
21.485,81.769
22.329,82.603
22.338,82.622
24.689,73.0
24.933,74.633
16.87,80.024
18.685,73.034
19.109,73.054
15.172,76.685
13.553,77.013
15.196,76.381
22.043,83.737
27.316,95.265
27.32,95.266
27.535,95.399
31.25,76.927
31.327,76.894
31.621,74.434
23.791,86.349
26.297,74.128
20.798,85.255
20.809,85.258
21.763,84.023
21.917,83.352
21.926,83.335
22.006,82.668
22.036,83.351
22.043,83.736
22.323,82.522
22.333,82.541
22.334,82.543
23.169,82.346
23.744,85.008
23.775,86.207
23.807,84.845
24.713,75.953
17.96,80.798
21.155,72.736
21.231,79.627
22.265,75.135
17.058,76.981
18.681,73.031
18.685,73.044
21.079,85.04
22.786,86.205
23.682,86.086
23.711,85.405
23.733,85.025
26.063,93.928
27.317,95.263
27.471,95.42
27.606,95.399
27.466,95.422
23.983,90.639
28.793,77.152
22.327,82.55
22.365,87.304
22.365,87.02
22.368,87.296
22.792,86.199
22.794,86.209
22.795,86.204
22.798,86.21
22.8,86.09
23.527,85.7
23.678,86.086
23.679,86.1
23.697,86.078
23.724,85.526
23.73,85.024
23.763,86.382
23.766,86.38
23.772,86.205
23.809,84.847
24.202,80.8
24.527,81.169
20.124,79.024
20.702,78.623
20.963,85.165
20.969,85.137
20.97,85.15
20.978,85.134
21.08,85.033
21.104,72.631
21.231,79.626
21.363,81.655
21.542,81.946
17.957,80.803
18.682,73.042
13.715,79.626
15.168,76.673
15.17,76.685
15.184,76.639
15.316,76.253
18.858,72.93
20.972,85.151
22.815,86.085
27.608,95.402
27.317,95.262
29.913,74.948
29.913,74.944
21.968,85.314
22.21,84.859
22.21,84.878
22.222,84.761
22.223,84.757
22.362,87.02
22.362,87.302
22.377,87.283
22.587,85.905
22.787,86.197
23.558,87.232
23.558,87.23
23.561,87.233
23.609,87.147
23.613,87.148
23.631,86.291
23.67,84.994
23.675,86.402
23.678,86.403
23.684,90.517
23.686,87.123
23.69,87.124
23.693,87.124
23.695,87.116
23.699,86.078
23.723,85.526
23.732,85.025
23.736,85.022
23.778,86.397
23.788,86.354
23.795,86.233
23.797,86.344
23.809,84.846
23.925,85.344
24.208,82.712
20.884,84.981
20.941,86.063
20.942,86.059
20.953,85.013
20.959,85.166
20.961,86.05
20.968,85.156
20.969,86.002
20.972,85.149
20.977,85.138
21.196,81.418
21.297,81.613
21.732,82.213
21.924,83.338
17.062,76.976
17.623,83.194
18.802,74.26
18.804,74.258
14.872,78.054
15.187,76.656
20.869,84.997
21.248,79.225
23.68,86.097
23.684,86.096
24.868,92.022
26.784,94.67
27.377,95.088
27.534,95.401
22.783,86.202
23.63,86.291
23.662,86.912
23.68,86.397
23.691,87.11
23.708,85.405
23.783,86.332
23.797,87.047
23.98,90.636
23.987,79.393
24.166,82.563
24.866,92.024
19.962,79.333
20.791,85.255
20.795,85.251
20.869,84.988
20.872,84.993
20.948,85.007
20.949,86.046
20.962,86.013
20.967,85.162
20.969,85.149
20.973,85.149
20.973,85.147
20.975,85.136
21.245,79.229
21.309,81.59
21.759,83.846
21.759,83.841
21.764,84.016
21.768,84.022
22.2,84.579
17.064,76.977
13.159,80.281
15.331,76.283
31.248,76.93
31.251,76.93
24.659,74.635
24.82,73.096
23.684,90.518
23.717,85.009
23.734,85.023
23.735,85.016
23.735,85.013
23.736,85.024
23.748,86.421
23.748,86.415
23.755,85.857
23.755,86.395
23.76,85.858
24.192,82.579
20.976,85.17
21.756,83.845
21.76,84.021
21.986,83.23
21.988,83.233
22.03,83.363
22.033,83.731
22.056,83.726
22.215,84.877
22.588,85.908
22.871,86.063
22.873,86.064
23.358,83.226
17.147,78.221
31.249,76.928
31.258,76.926
31.327,76.896
26.641,79.481
29.123,75.778
24.662,74.636
24.822,73.096
17.957,80.798
17.148,78.225
20.792,85.256
20.95,85.011
23.678,86.081
23.692,87.096
23.694,87.095
23.696,87.12
23.745,86.419
20.947,86.054
20.966,86.004
22.051,88.122
22.366,87.014
22.785,86.198
23.677,86.082
23.682,86.088
22.369,87.298
23.516,87.271
23.803,87.047
21.198,81.397
17.955,80.799
13.42,80.086
15.182,76.643
24.765,74.61
15.189,76.656
21.104,72.65
32.716,72.774
23.56,87.229
23.634,86.298
23.683,86.397
23.686,86.088
23.745,86.427
23.759,85.86
23.765,86.379
23.77,86.204
23.777,86.187
23.795,86.232
23.799,86.343
23.926,85.344
24.118,86.355
24.119,86.351
24.564,81.002
26.876,73.514
20.793,85.259
20.971,85.15
21.363,81.654
21.364,81.646
21.541,81.947
21.905,72.755
21.908,72.753
21.926,83.337
21.969,85.316
22.036,83.746
22.04,83.742
22.169,85.437
22.207,84.871
22.212,84.842
22.214,84.84
22.368,87.301
22.784,86.201
22.813,86.081
18.689,73.039
15.167,76.671
15.184,76.659
15.188,76.659
17.058,76.98
17.138,77.177
20.79,85.264
20.96,85.175
21.104,72.649
27.535,95.4
23.685,90.515
20.951,85.009
22.263,75.13
18.69,73.036
18.692,73.037
21.101,72.643
21.109,72.643
15.117,76.81
15.167,76.379
15.17,76.667
24.688,73.001
18.859,72.928
22.369,87.296
23.673,86.109
19.964,79.332
20.971,86.001
20.978,85.138
20.984,85.13
21.244,79.221
21.25,79.222
15.024,78.011
32.719,72.777
19.72,79.175
18.723,79.532
15.151,76.711
15.18,76.662
20.961,86.009
22.783,86.203
22.788,86.203
23.567,87.088
23.67,86.091
23.681,86.088
23.686,90.514
23.697,87.122
23.697,87.114
23.722,86.445
23.731,85.007
23.732,85.006
23.737,85.016
23.753,86.42
23.767,86.387
23.773,86.384
23.783,86.204
23.783,86.333
23.822,85.496
21.375,81.677
17.605,83.198
31.619,74.434
23.56,87.236
23.608,87.149
23.674,86.103
23.692,87.118
23.771,86.197
23.776,86.206
23.778,86.199
23.779,86.202
23.78,86.368
23.782,86.333
23.798,86.352
23.799,86.351
23.806,86.324
24.117,86.353
26.604,73.685
26.873,73.516
26.88,73.513
27.669,76.128
27.826,73.225
20.959,85.167
20.961,85.161
21.803,83.884
22.001,82.669
22.035,83.744
22.332,82.602
24.689,73.004
24.715,74.67
19.921,79.115
15.151,76.709
15.177,76.666
15.185,76.642
15.528,73.995
15.529,73.991
32.085,74.159
32.103,74.173
23.798,87.048
23.799,87.044
28.792,77.151
20.863,84.991
21.99,85.325
22.366,87.296
23.686,86.396
24.164,82.559
24.165,82.556
24.166,80.695
17.61,83.202
15.07,76.866
15.119,76.813
15.151,76.71
15.167,76.38
15.167,76.673
15.168,76.669
15.173,76.658
15.183,76.792
15.187,76.66
15.339,76.277
15.915,77.365
15.171,76.668
23.803,86.332
26.062,93.93
26.524,90.533
26.64,79.475
28.743,76.956
22.039,83.35
22.245,87.388
22.326,82.656
22.363,87.3
22.368,87.297
22.475,91.732
22.791,86.21
22.814,86.086
22.857,86.057
23.516,87.275
23.517,87.27
23.562,87.228
23.607,87.151
23.623,85.642
23.68,86.083
23.684,90.514
23.746,85.507
23.765,86.381
23.766,86.398
23.777,86.211
23.784,86.345
23.991,79.392
24.051,80.615
24.203,80.801
24.564,81.001
20.125,79.024
20.974,85.165
21.106,72.642
21.11,72.643
21.112,72.631
21.193,81.392
21.232,79.627
21.246,81.77
21.295,81.612
21.577,82.02
16.871,80.022
17.147,78.225
15.171,76.665
15.527,73.99
20.974,85.149
21.198,81.417
29.224,88.351
26.642,79.476
22.052,85.466
22.169,85.436
22.208,84.85
22.216,84.866
22.332,82.532
22.38,87.288
22.388,87.286
22.797,86.09
22.8,86.201
23.482,87.359
23.619,86.862
23.629,86.29
23.664,85.553
23.664,84.997
23.676,86.404
23.677,86.099
23.708,85.402
23.744,86.423
23.773,86.197
23.775,86.205
23.784,86.346
23.841,85.305
24.166,82.556
24.209,82.709
24.484,77.144
24.662,74.63
24.714,75.951
20.791,85.26
20.888,84.982
20.955,85.013
20.974,85.148
20.977,85.149
20.978,85.168
21.069,85.036
21.072,85.041
21.188,81.389
21.371,81.642
21.754,83.843
21.755,84.022
21.757,83.843
21.773,84.021
21.819,83.993
22.035,83.732
22.037,83.744
17.144,78.221
17.608,83.2
18.689,73.037
23.727,85.009
29.261,91.925
27.378,95.089
22.537,91.701
23.625,85.641
23.67,86.938
23.682,86.098
23.684,90.515
23.75,86.421
23.756,85.853
23.766,86.382
23.779,86.204
23.926,85.342
24.119,86.352
19.724,79.173
19.923,79.113
20.783,85.264
20.783,85.259
20.792,85.25
20.799,85.257
20.941,86.054
21.349,81.663
21.755,83.838
21.759,83.843
21.768,84.023
21.773,84.02
21.874,83.495
21.877,83.553
22.212,84.839
17.604,83.198
18.681,73.039
19.722,79.174
21.107,72.642
21.111,72.628
22.783,86.207
23.561,87.228
23.686,86.386
23.687,90.514
23.693,87.098
23.734,85.01
23.751,86.414
23.778,86.201
23.809,86.314
23.927,85.342
24.206,82.715
20.882,84.981
20.94,86.058
20.945,86.055
20.964,86.05
20.969,86.003
20.974,85.171
20.974,86.003
21.758,83.839
21.759,84.02
21.763,83.844
21.876,83.553
21.933,85.218
22.202,84.846
22.21,84.876
22.214,84.874
22.222,84.756
22.222,84.752
22.243,87.388
22.361,87.015
22.788,86.194
22.809,86.089
31.62,74.427
32.204,74.222
32.727,73.141
26.881,73.513
27.826,73.223
21.755,84.019
21.374,81.681
21.377,81.641
16.87,80.021
18.86,72.928
21.923,83.354
31.25,76.928
32.296,74.31
32.726,73.14
22.246,87.389
23.631,86.294
23.674,86.105
23.729,86.445
23.775,86.201
23.779,86.211
23.797,86.234
23.841,85.304
24.206,82.706
24.448,83.037
24.58,74.802
24.82,73.091
19.723,79.175
21.152,72.738
21.675,84.039
21.802,83.884
16.872,80.023
15.197,76.38
26.519,90.535
17.602,83.199
22.33,82.658
27.605,95.4
32.102,74.177
22.048,88.104
22.783,86.208
22.788,86.209
22.798,86.202
22.813,86.084
23.562,87.231
23.678,86.1
23.679,86.095
23.683,86.096
23.697,87.104
23.76,86.391
23.778,86.212
23.781,86.343
24.528,81.167
24.566,81.004
24.766,74.608
20.79,85.269
20.869,84.992
20.948,86.049
20.953,86.05
20.965,86.014
20.968,85.158
20.971,85.144
20.971,85.14
20.978,85.129
21.07,85.034
21.109,72.642
21.154,72.738
21.231,79.628
21.375,81.643
22.022,83.382
22.055,83.725
22.208,84.87
22.216,84.868
22.329,82.656
17.22,79.026
13.554,77.013
15.17,76.67
15.171,76.383
15.171,76.663
15.18,76.645
15.315,76.255
22.379,87.283
23.788,86.335
23.481,87.361
23.515,87.275
23.673,86.107
24.118,86.354
24.764,74.605
20.791,85.25
20.797,85.259
20.889,84.983
20.946,85.009
20.956,85.015
20.957,85.186
20.958,85.167
20.96,85.187
20.976,85.135
20.984,85.129
21.31,81.593
21.365,81.651
21.37,81.644
21.576,82.022
21.819,83.995
21.878,83.546
21.889,82.051
21.915,83.353
22.207,84.847
22.326,82.685
22.33,82.655
22.787,86.2
22.797,86.202
18.86,72.925
19.919,79.114
21.103,72.63
13.421,80.087
15.136,76.71
15.17,76.682
18.861,72.928
21.105,72.634
20.963,86.009
20.985,85.133
23.782,86.212
23.684,90.516
23.69,87.096
24.869,92.024
20.944,86.058
20.952,86.051
20.954,85.014
20.971,85.141
21.071,85.035
21.76,83.84
21.929,85.224
21.981,83.239
22.056,83.722
22.209,84.849
23.55,87.247
23.558,87.236
23.626,86.289
23.675,86.401
23.678,86.096
23.778,86.206
24.194,82.574
15.185,76.656
27.827,73.221
29.456,76.869
21.154,72.74
15.176,76.378
21.758,83.846
20.782,85.254
20.791,85.267
22.791,86.193
23.481,87.354
23.547,87.246
19.923,79.114
21.198,81.398
21.199,81.399
21.205,81.4
21.794,72.646
22.001,82.671
18.719,79.533
27.535,95.402
26.786,94.671
27.319,95.264
24.205,82.709
26.605,73.683
27.824,73.225
21.369,81.678
21.371,81.643
21.373,81.679
22.264,75.134
22.332,82.654
24.691,73.004
24.714,74.67
24.819,73.093
17.956,80.797
18.687,73.029
21.103,72.649
15.187,76.659
15.334,76.283
18.736,79.534
20.867,84.997
22.33,82.656
29.125,75.776
32.724,73.14
23.48,87.355
23.687,87.101
23.691,87.108
23.769,86.375
23.769,86.377
23.77,86.203
23.777,86.384
20.805,85.254
20.864,84.99
20.945,85.007
20.961,85.167
20.969,85.174
20.971,85.177
20.973,85.166
20.976,85.165
20.983,85.129
21.236,79.631
21.365,81.652
21.544,81.946
21.676,84.037
21.88,83.557
21.93,85.225
21.979,83.241
22.005,82.674
22.338,82.623
22.363,87.302
22.369,87.301
22.37,87.297
23.735,85.009
23.736,85.005
23.741,85.006
24.203,80.8
24.483,77.147
24.577,74.804
18.736,79.531
18.737,79.533
21.298,81.614
22.799,86.21
26.525,90.533
28.728,77.156
20.967,86.017
21.074,85.039
21.817,83.996
21.98,83.237
22.04,83.737
22.205,84.85
22.361,87.02
22.794,86.195
23.481,87.359
23.56,87.23
23.562,87.092
23.629,86.291
23.685,86.088
23.714,86.445
23.714,86.443
23.735,85.014
23.736,85.006
23.738,85.015
23.75,86.414
23.768,86.376
23.772,86.21
23.787,86.371
24.117,86.356
24.17,82.564
18.738,79.531
19.1,73.052
20.24,86.606
20.952,85.012
20.97,85.177
20.971,85.173
20.974,85.134
20.986,85.128
21.233,79.629
21.246,81.769
21.374,81.643
21.375,81.681
14.871,78.053
14.872,78.051
15.167,76.378
15.17,76.683
15.176,76.677
15.184,76.641
20.971,85.175
20.974,86.009
21.76,83.846
22.212,84.875
22.8,86.093
23.674,86.11
26.524,90.534
26.524,90.53
26.645,79.478
21.765,84.026
22.327,82.655
22.331,82.656
22.369,87.297
22.375,87.279
22.475,91.736
22.535,91.701
22.537,91.698
22.813,86.086
22.963,85.999
23.662,86.91
23.686,90.516
23.69,90.513
23.706,86.07
23.718,86.451
23.734,85.014
23.754,85.86
23.765,86.383
23.766,86.399
23.766,86.375
23.768,86.403
23.769,86.376
23.772,86.206
23.773,86.202
23.778,86.365
23.789,86.356
24.206,82.525
24.449,83.039
20.784,85.257
20.788,85.258
20.946,85.008
20.958,85.166
20.971,85.176
20.975,85.169
20.984,85.131
21.104,72.641
21.246,79.227
21.296,81.614
21.37,81.683
21.374,81.653
22.263,75.131
18.856,72.925
22.475,91.735
23.736,85.017
23.795,86.356
18.736,79.532
22.055,88.129
22.367,87.02
22.791,86.208
22.81,86.09
23.662,85.552
23.726,86.443
23.746,86.419
23.768,86.375
23.784,86.205
24.451,83.04
20.866,84.99
20.941,86.058
20.953,85.008
20.969,85.176
21.917,83.354
22.034,83.733
31.251,76.928
31.602,74.406
32.087,74.16
27.079,73.816
18.691,73.044
18.737,79.529
18.856,72.926
22.782,86.206
15.184,76.64
29.906,74.954
29.262,91.924
27.319,95.265
23.658,85.504
23.667,84.995
23.677,86.069
23.721,86.442
23.733,85.018
23.767,86.375
23.782,86.204
23.782,86.334
20.244,86.605
20.786,85.258
20.798,85.25
20.967,85.18
21.679,84.035
21.758,84.02
21.765,84.015
22.008,82.669
22.216,84.869
22.37,87.298
31.605,74.407
32.104,74.177
32.202,74.222
32.724,73.141
23.616,86.785
23.695,87.113
23.783,86.369
26.605,73.685
21.19,81.393
21.484,81.769
21.759,84.021
22.331,82.654
23.737,85.005
24.206,82.524
18.734,79.533
18.735,79.53
18.74,79.531
19.103,73.051
22.364,73.115
14.874,78.055
15.337,76.278
26.523,90.531
18.735,79.535
29.459,76.869
29.223,88.351
31.248,76.928
31.621,74.428
32.086,74.162
26.52,90.531
28.744,76.955
29.457,76.868
22.211,84.842
22.786,86.197
22.792,86.195
22.81,86.089
22.872,86.061
23.659,85.504
23.676,86.105
23.74,85.005
24.116,86.355
24.169,82.557
21.234,79.627
21.301,81.606
21.374,81.682
20.959,85.169
20.977,85.132
21.979,83.243
22.328,82.657
22.332,82.657
23.683,86.098
26.523,90.535
27.535,95.397
22.475,91.731
27.471,95.421
31.251,76.927
29.909,74.948
22.248,87.387
22.803,86.091
23.682,86.39
23.685,86.397
23.706,86.074
23.765,86.376
23.786,86.33
20.952,86.045
20.954,85.011
20.958,85.012
20.976,85.13
20.983,85.131
21.904,72.753
22.207,84.861
18.683,73.034
14.872,78.053
15.117,76.811
15.166,76.672
15.167,76.668
15.177,76.673
15.066,76.865
23.63,86.292
26.523,90.534
22.474,91.733
22.795,86.209
22.815,86.086
23.724,86.439
23.765,86.374
23.768,86.374
23.777,86.364
23.789,86.331
23.84,85.305
24.204,82.525
24.45,83.038
21.151,72.734
21.878,83.549
21.967,85.314
22.21,84.857
17.534,83.0
15.171,76.375
21.903,72.756
23.743,86.422
23.798,87.051
24.45,83.04
24.869,92.023
20.955,85.015
20.971,85.178
21.759,84.022
21.793,83.987
22.057,88.123
22.21,84.858
22.214,84.862
22.329,82.655
22.873,86.06
13.555,77.012
31.258,76.924
32.083,74.164
27.667,76.129
21.694,72.607
18.677,73.043
18.679,73.042
18.682,73.044
20.244,86.604
23.754,86.418
15.171,76.669
17.954,80.801
29.264,91.928
29.265,91.923
24.208,82.523
26.064,93.93
20.241,86.603
20.244,86.606
20.868,84.994
20.885,84.981
20.891,84.981
20.954,86.046
20.955,85.011
20.959,85.145
20.959,85.011
20.972,85.176
20.978,85.169
21.075,85.039
21.081,85.032
21.193,81.419
21.195,81.419
21.195,81.413
21.928,83.336
22.04,83.734
22.133,85.38
22.227,84.751
22.328,82.655
22.476,91.734
22.798,86.201
22.809,86.088
23.53,85.697
23.633,85.63
23.678,86.069
23.699,86.075
23.727,85.002
23.737,85.02
23.743,85.503
23.745,86.422
31.257,76.925
32.086,74.164
27.669,76.129
29.123,75.78
21.754,84.02
21.769,84.017
22.037,83.349
23.735,85.007
24.207,82.524
19.923,79.112
21.245,79.23
21.378,81.638
13.556,77.013
15.166,76.667
20.962,86.012
29.261,91.922
24.866,92.023
24.867,92.024
20.791,85.263
20.887,84.979
20.977,85.172
20.977,85.164
21.076,85.035
21.967,85.311
22.063,88.116
22.793,86.192
22.794,86.192
23.563,87.241
23.755,86.418
32.087,74.164
32.087,74.167
32.205,74.222
22.053,88.121
22.36,87.015
22.783,86.206
22.799,86.087
22.855,86.054
23.655,85.505
23.707,85.403
23.731,85.019
23.784,86.336
23.806,86.326
24.206,82.526
24.207,82.707
20.786,85.269
20.957,85.012
20.963,86.011
20.97,85.173
21.675,84.038
21.966,85.313
22.04,83.735
22.052,85.464
17.141,77.183
18.735,79.533
19.724,79.175
15.172,76.661
15.195,76.38
27.264,95.124
31.622,74.425
23.531,85.7
23.55,86.546
23.686,86.092
23.701,86.077
23.739,85.017
23.768,86.373
23.782,86.344
23.808,84.849
23.829,85.502
24.17,82.557
24.208,82.526
26.275,74.19
26.646,79.479
20.946,86.055
20.958,85.011
20.967,85.166
20.97,85.175
20.971,86.014
20.975,86.002
21.185,81.382
21.234,79.628
21.237,79.632
21.368,81.679
21.546,81.948
21.674,82.081
21.926,83.352
22.038,83.732
22.057,88.129
22.063,88.125
22.136,85.384
22.224,84.76
22.331,82.657
22.332,82.652
22.369,87.302
23.992,79.394
24.663,74.63
18.737,79.532
19.789,79.15
19.966,79.335
21.112,72.63
15.153,76.711
15.173,76.67
15.174,76.663
15.182,76.653
15.187,76.643
15.336,76.284
15.341,76.277
16.874,80.022
17.066,76.981
17.148,78.223
13.163,80.284
13.556,77.014
19.965,79.337
21.793,72.649
21.795,72.647
27.315,95.266
27.459,95.476
24.118,86.356
24.922,84.156
20.242,86.607
20.958,85.176
20.968,85.174
20.972,85.175
20.976,86.005
20.986,85.13
21.196,81.417
21.371,81.683
21.381,81.656
21.487,81.771
22.035,83.733
22.039,83.733
22.059,88.113
22.064,88.124
22.215,84.868
22.246,87.388
22.315,82.525
22.379,87.291
22.81,86.085
22.814,86.085
22.873,86.065
23.485,87.361
23.561,87.235
23.623,85.641
23.736,85.021
23.764,86.396
23.784,86.342
23.789,86.335
23.795,86.234
24.209,82.71
24.659,74.633
20.697,78.637
21.154,72.734
15.172,76.787
15.173,76.683
17.064,76.981
29.906,74.952
29.914,74.948
21.105,72.627
21.15,72.74
21.156,72.742
20.794,85.257
21.082,85.039
22.058,88.126
22.331,82.658
29.456,76.865
29.457,76.869
29.461,76.864
29.46,76.869
29.908,74.955
29.263,91.927
29.907,74.947
29.908,74.939
20.961,86.052
20.965,86.052
20.97,85.174
20.974,85.175
20.974,86.008
21.082,85.034
22.058,88.112
23.561,87.237
23.681,86.081
23.738,85.016
24.165,82.557
20.241,86.607
15.172,76.374
13.555,77.011
31.248,76.929
31.257,76.927
29.909,74.944
21.153,72.74
18.736,79.533
27.534,95.399
29.659,90.897
23.554,87.242
23.662,84.999
23.686,86.081
23.736,85.018
20.244,86.607
21.243,79.222
21.25,79.223
31.249,76.927
31.258,76.925
32.086,74.167
21.927,83.342
18.688,73.041
19.1,73.051
19.104,73.052
19.108,73.053
15.135,76.708
15.177,76.664
15.182,76.665
15.225,76.759
15.526,73.995
26.522,90.532
21.768,84.016
21.923,83.344
21.924,83.336
22.362,87.015
23.671,86.112
23.685,86.091
23.735,85.02
23.761,86.39
23.77,86.394
23.785,86.206
20.891,84.979
20.942,86.052
20.953,85.007
20.966,86.007
21.075,85.037
21.076,85.031
23.708,86.076
23.793,86.348
24.205,82.524
26.877,73.514
20.945,85.008
20.953,85.011
20.957,85.011
21.074,85.038
21.375,81.653
22.03,83.359
22.043,83.735
22.341,82.649
23.165,82.342
24.762,74.61
18.683,73.029
19.724,79.176
18.687,73.039
20.956,85.013
22.376,87.283
23.672,86.938
29.378,91.151
29.904,74.952
29.909,74.941
28.119,76.799
20.952,85.013
20.973,85.175
21.575,82.024
21.888,82.055
22.22,84.759
23.675,86.089
23.805,84.844
24.205,82.527
20.704,78.622
15.168,76.674
15.17,76.663
18.86,72.926
20.964,86.013
21.672,84.04
21.73,82.212
21.876,83.55
21.982,83.233
22.036,83.731
22.328,82.656
22.33,82.534
22.332,82.656
22.34,82.646
22.472,91.736
22.473,91.732
23.662,86.915
23.675,86.104
23.717,86.45
23.734,85.015
23.772,86.209
23.793,86.237
24.167,80.696
24.204,82.527
24.206,82.709
20.804,85.26
20.968,86.009
21.073,85.046
21.102,72.644
21.185,81.381
21.19,81.389
21.387,81.648
22.367,73.113
17.065,76.976
17.14,77.182
17.531,83.0
13.158,80.282
20.97,85.178
21.197,81.417
22.215,84.869
29.914,74.952
29.376,91.15
22.037,83.732
22.06,88.114
22.327,82.656
22.331,82.651
22.34,82.647
22.808,86.088
23.673,86.116
23.735,85.018
23.768,86.377
23.809,84.848
20.242,86.609
20.242,86.605
20.954,85.015
20.973,85.174
20.977,85.171
20.979,85.131
21.155,72.734
21.297,81.612
18.681,73.029
15.171,76.38
15.178,76.651
15.224,76.76
15.228,76.761
15.332,76.285
29.905,74.953
29.907,74.945
31.605,74.406
24.688,73.002
23.617,86.785
22.366,73.118
29.263,91.926
29.377,91.151
23.672,84.995
23.734,85.018
23.979,90.637
20.952,85.008
20.972,85.173
20.978,85.131
20.98,85.145
21.082,85.041
17.149,78.223
17.609,83.2
13.163,80.283
21.108,72.639
15.17,76.377
21.3,81.608
22.332,82.655
22.8,86.199
23.485,87.36
23.642,85.397
23.678,86.394
23.734,85.019
24.168,82.565
20.939,86.057
20.945,86.058
20.957,85.172
21.753,84.022
21.761,83.84
21.88,83.551
22.208,84.844
22.221,84.754
13.161,80.277
23.754,86.401
23.755,86.401
23.797,86.349
23.798,86.348
29.125,75.779
21.485,81.77
22.366,73.115
15.195,76.378
31.25,76.929
13.16,80.283
22.329,82.657
22.801,86.201
22.21,84.867
22.363,87.298
22.367,87.303
22.59,85.903
22.811,86.083
23.165,82.343
23.546,86.544
23.559,87.231
23.614,86.86
23.681,86.09
23.716,86.44
23.765,86.377
24.204,82.524
24.528,81.171
24.715,75.954
20.241,86.609
20.971,85.174
20.974,85.132
20.978,85.166
18.735,79.532
15.118,76.81
15.167,76.67
15.168,76.666
15.19,76.66
15.335,76.284
15.522,73.998
22.328,82.659
24.868,92.024
28.728,77.157
28.793,77.149
29.913,74.943
24.204,82.526
21.102,72.642
21.249,79.224
21.298,81.604
21.763,84.025
21.977,83.239
22.264,75.13
15.179,76.671
29.907,74.95
23.686,90.517
29.659,90.898
22.536,91.7
23.685,90.518
19.967,79.333
20.946,85.014
20.964,85.128
20.965,85.188
20.965,85.155
20.97,85.145
20.975,85.173
13.161,80.28
27.08,73.818
20.241,86.604
20.977,85.17
22.539,91.701
22.329,82.66
27.604,95.404
29.265,91.924
29.659,90.899
23.546,86.545
23.714,86.444
23.79,86.333
20.961,86.004
20.966,85.128
20.973,85.173
20.978,85.17
21.076,85.036
21.392,81.644
21.758,83.838
21.987,83.23
22.135,85.38
22.226,84.752
22.245,87.386
22.798,86.199
22.802,86.087
22.814,86.083
13.159,80.282
31.25,76.93
21.759,84.024
22.03,83.361
22.04,83.351
22.041,83.734
22.043,83.734
15.175,76.785
18.803,74.261
15.12,76.811
23.552,87.239
23.678,86.082
23.679,86.082
23.68,86.391
23.687,86.385
23.725,86.436
23.776,86.202
23.788,86.328
22.051,88.121
23.755,86.402
23.771,86.387
23.771,86.205
23.778,86.202
23.793,86.347
20.974,85.174
20.977,85.165
21.792,72.647
21.796,72.647
22.366,73.113
13.158,80.285
20.708,78.622
20.793,85.262
20.797,85.261
20.957,85.014
20.968,85.176
21.232,79.633
27.467,95.421
23.756,86.401
23.785,86.331
26.641,79.478
20.939,86.063
20.941,86.053
20.965,85.16
20.965,86.005
20.967,85.128
20.975,85.175
17.14,77.177
18.687,73.04
18.687,73.036
22.538,91.7
29.657,90.899
23.766,86.373
23.805,86.326
23.983,90.636
17.061,76.976
23.767,86.372
23.807,86.313
20.245,86.606
20.885,84.984
20.885,84.978
20.949,85.005
20.964,86.049
20.978,85.172
20.98,85.131
21.364,81.675
22.007,82.666
22.088,88.112
22.33,82.659
22.793,86.194
22.795,86.195
17.535,83.002
29.122,75.779
22.03,83.362
26.88,73.514
27.08,73.817
21.1,72.653
29.262,91.922
29.263,91.923
29.376,91.152
22.134,85.38
22.785,86.199
23.693,87.096
23.78,86.203
32.086,74.163
29.91,74.951
24.207,82.527
26.641,79.477
15.334,76.288
28.729,77.156
31.62,74.431
24.051,80.614
24.206,82.527
20.695,78.637
22.104,83.119
22.325,82.683
17.14,77.186
19.92,79.112
15.32,76.232
15.684,78.457
20.957,85.013
21.079,85.035
22.106,83.119
26.521,90.537
29.225,88.351
29.376,91.148
29.376,91.151
23.667,86.094
23.793,86.231
26.761,83.204
21.631,82.112
22.314,82.532
22.331,82.653
22.812,86.084
22.816,86.085
19.787,79.145
17.057,76.98
20.947,85.01
20.947,85.014
23.736,85.016
23.98,90.639
23.484,87.355
23.513,87.276
23.7,86.074
23.721,85.007
23.752,85.857
23.755,85.861
23.767,86.4
23.767,86.376
23.783,86.336
23.8,86.342
24.205,82.525
27.826,73.221
22.795,86.193
23.557,87.242
24.869,92.025
26.522,90.534
20.964,86.004
21.752,83.842
21.924,83.342
21.925,83.335
22.035,83.73
22.104,83.122
22.211,84.869
22.326,82.66
22.811,86.09
23.663,86.918
23.677,86.07
23.679,86.092
23.691,90.51
23.734,85.017
23.765,86.375
23.775,86.363
23.777,86.347
23.781,86.204
23.799,86.344
20.513,85.726
26.639,79.479
27.081,73.817
27.824,73.221
23.736,85.019
27.469,95.421
22.818,86.088
23.617,86.86
23.631,86.29
23.718,86.446
23.74,85.016
23.754,85.856
23.756,86.404
23.756,85.854
23.764,86.375
24.204,82.523
31.249,76.931
23.785,86.371
23.822,85.501
27.827,73.225
21.878,83.496
22.039,83.735
22.333,82.602
22.364,73.114
24.641,74.685
21.76,84.023
21.765,84.027
22.052,88.108
22.591,85.907
23.562,87.244
23.787,86.337
29.226,88.35
31.619,74.43
31.62,74.425
32.086,74.158
23.556,87.238
20.24,86.607
20.867,84.989
20.954,85.012
20.974,85.173
21.301,81.608
21.367,81.677
22.04,83.736
24.641,74.684
29.224,88.352
29.263,91.925
29.906,74.951
31.259,76.922
26.758,83.197
21.072,85.035
21.244,81.771
22.104,83.12
22.209,84.845
22.313,82.53
22.33,82.657
23.688,87.101
23.718,85.008
23.778,86.344
23.841,85.306
23.987,79.392
24.764,74.606
20.244,86.608
21.108,72.627
15.021,78.012
15.684,78.456
19.962,79.337
20.791,85.262
20.798,85.261
20.977,86.006
29.907,74.942
26.065,93.93
28.741,76.955
21.672,84.041
22.102,83.12
22.21,84.874
22.214,84.875
22.379,87.289
23.562,87.235
23.63,86.29
23.657,85.509
23.738,85.017
23.765,86.38
23.769,86.373
23.84,85.303
24.121,86.356
24.207,82.525
20.243,86.606
21.069,85.038
21.073,85.035
17.144,78.222
29.907,74.962
29.912,74.942
29.915,74.954
29.917,74.949
22.211,84.876
29.906,74.945
29.912,74.943
29.914,74.949
29.914,74.95
29.914,74.954
22.031,83.361
22.105,83.123
22.329,82.658
23.723,85.004
23.98,90.637
24.207,82.523
29.905,74.946
29.913,74.954
31.62,74.428
27.824,73.22
27.829,73.222
24.691,73.0
22.325,82.655
23.687,86.082
23.721,86.441
21.364,81.674
21.671,82.078
22.104,83.121
27.827,73.224
27.827,73.22
22.314,82.531
21.101,72.651
29.261,91.924
22.041,83.735
23.703,86.074
23.766,86.374
18.719,79.534
15.332,76.288
15.337,76.28
23.681,86.098
23.796,86.356
29.788,91.605
31.249,76.93
29.905,74.948
29.905,74.944
29.91,74.94
29.914,74.945
21.927,83.346
22.103,83.121
22.105,83.12
22.315,82.531
22.794,86.194
24.205,82.526
20.241,86.608
20.243,86.61
20.948,85.006
20.966,85.163
21.072,85.04
21.073,85.036
21.189,81.198
21.192,81.393
19.1,73.05
14.872,78.052
15.175,76.665
20.799,85.259
20.973,85.176
20.976,85.172
20.979,85.149
22.326,82.659
23.767,86.374
22.208,84.88
23.359,83.223
23.764,86.376
23.765,86.372
23.767,86.401
23.767,86.377
24.325,81.327
24.659,74.63
24.664,74.633
21.296,81.608
21.982,83.232
22.314,82.529
22.325,82.686
22.326,82.658
17.057,76.981
17.062,76.977
15.685,78.456
20.873,84.996
20.952,86.052
21.196,81.391
23.668,86.916
29.906,74.944
23.359,83.225
23.627,86.291
23.663,86.912
23.669,84.993
23.674,86.084
23.735,85.019
23.791,86.356
24.118,86.353
20.241,86.605
13.157,80.284
13.162,80.284
15.17,76.378
15.176,77.102
29.906,74.955
29.911,74.956
32.088,74.165
20.242,86.608
20.888,84.984
22.329,82.659
29.911,74.954
23.737,85.018
23.758,85.858
24.451,83.037
20.787,85.256
20.951,86.046
21.488,81.766
21.881,83.554
22.105,83.118
21.374,81.64
21.374,81.679
22.365,73.114
18.68,73.032
18.68,73.039
23.767,86.373
23.785,86.205
20.788,85.256
20.864,84.987
21.918,83.346
29.906,74.95
29.908,74.942
29.91,74.947
29.911,74.943
29.914,74.944
29.916,74.952
21.768,84.027
21.876,83.554
22.329,82.602
23.74,85.004
23.782,86.335
23.808,86.329
20.239,86.608
20.865,84.989
21.107,72.641
21.484,81.768
18.679,73.037
18.685,73.042
18.724,79.532
15.177,76.661
20.974,85.176
27.317,95.26
29.123,75.777
29.906,74.949
20.947,85.005
22.316,82.532
13.898,76.564
15.021,78.016
15.169,76.665
15.182,76.645
20.978,85.149
22.214,84.873
24.713,74.673
29.906,74.946
29.906,74.943
29.912,74.94
23.677,86.105
23.697,86.073
26.642,79.475
20.873,84.994
20.947,85.007
21.104,72.651
21.105,72.641
21.11,72.645
21.546,81.946
21.878,83.548
22.04,83.741
22.103,83.118
22.205,84.861
22.207,84.862
22.365,73.112
18.686,73.034
18.688,73.05
18.806,74.257
20.869,84.994
20.873,84.993
20.964,86.051
21.108,72.65
29.914,74.955
29.225,88.352
29.912,74.956
29.913,74.949
29.913,74.942
29.915,74.948
29.915,74.942
23.765,86.373
20.97,85.176
22.103,83.12
22.262,75.13
22.341,82.645
31.261,76.926
27.266,95.123
27.378,95.086
29.265,91.927
29.376,91.149
23.667,86.919
21.247,79.22
22.208,84.849
22.34,82.645
19.965,79.331
17.061,76.977
29.907,74.951
18.737,79.526
21.905,72.756
18.687,73.05
18.739,79.532
22.332,82.653
26.643,79.479
20.962,86.049
21.761,83.841
21.767,84.016
23.696,86.074
23.761,85.856
23.782,86.338
23.782,86.336
21.769,84.025
21.778,83.831
21.793,72.646
22.316,82.529
17.959,80.797
18.737,79.528
15.181,76.645
29.375,91.148
29.905,74.947
29.909,74.943
29.911,74.941
29.917,74.952
23.514,87.271
23.691,87.118
23.768,86.372
20.802,85.257
22.206,84.848
18.686,73.028
21.298,81.608
21.1,72.654
32.085,74.166
23.765,86.398
23.802,84.843
20.943,85.007
20.972,85.174
21.187,81.393
21.191,81.199
21.363,81.646
21.777,83.833
22.057,83.722
20.697,78.636
17.062,76.98
17.139,77.175
13.899,76.566
20.97,86.015
22.789,86.211
24.117,86.357
20.873,84.995
21.073,85.037
21.297,81.608
21.389,81.644
21.763,84.026
21.793,83.99
22.021,83.377
22.039,83.741
22.103,83.122
22.104,83.118
22.212,84.84
22.325,82.687
22.332,82.531
23.626,86.29
23.697,86.08
23.718,85.01
23.734,85.016
23.737,85.021
23.759,86.419
15.023,78.011
20.889,84.984
22.327,82.657
22.368,87.302
23.766,86.376
29.906,74.948
15.339,76.28
21.154,72.742
27.467,95.424
29.262,91.925
29.265,91.926
29.375,91.149
26.646,79.475
20.966,86.009
21.874,83.493
23.669,86.922
23.685,90.516
23.697,90.506
23.99,79.389
20.789,85.265
21.39,81.644
16.876,80.119
14.605,78.521
32.085,74.164
29.912,74.953
22.366,73.114
15.184,76.656
22.471,91.732
27.608,95.401
29.262,91.923
29.266,91.923
29.658,90.898
29.659,90.9
21.757,83.839
22.328,82.658
23.667,85.0
23.67,84.993
23.781,86.342
23.787,86.33
23.982,90.635
20.958,85.013
21.195,81.41
17.533,82.998
21.189,81.387
21.929,83.338
22.005,82.665
22.316,82.531
15.121,76.812
15.187,76.658
15.337,76.277
21.794,72.648
22.326,82.655
22.331,82.655
26.521,90.529
23.763,86.39
20.886,84.979
20.97,85.166
21.075,85.036
29.264,91.922
26.524,90.535
23.545,86.545
23.604,87.149
23.755,86.4
23.802,87.051
20.864,84.988
20.946,85.004
21.072,85.034
21.083,85.037
21.681,84.038
21.926,83.349
22.105,83.121
22.33,82.602
22.817,86.085
24.577,74.803
18.737,79.531
20.946,85.006
22.365,73.113
22.366,73.117
29.26,91.922
29.26,91.924
29.378,91.15
26.519,90.536
21.366,81.676
22.104,83.117
23.694,86.08
24.481,77.147
21.151,72.736
18.683,73.03
20.946,85.007
21.105,72.635
21.156,72.736
21.157,72.738
21.158,72.744
21.158,72.742
29.66,90.897
26.645,79.479
21.795,83.988
23.769,86.403
23.775,86.383
24.766,74.605
21.101,72.645
21.109,72.627
21.157,72.734
21.189,81.199
21.194,81.391
21.295,81.614
21.374,81.642
21.388,81.644
16.875,80.12
18.689,73.05
18.69,73.038
21.153,72.742
21.154,72.735
22.333,82.656
23.667,86.424
22.911,86.072
23.555,87.238
23.562,87.241
23.563,87.081
23.634,86.294
23.667,86.419
23.671,86.42
23.678,86.396
23.685,87.123
23.689,87.095
23.694,87.126
23.72,85.007
23.732,86.437
23.766,86.4
23.767,86.403
23.767,86.399
23.768,86.384
23.776,86.362
23.776,86.396
23.787,86.372
24.189,82.577
24.204,82.713
24.204,82.709
24.209,82.714
24.21,82.711
25.414,86.026
25.415,86.024
25.418,86.026
19.921,79.111
20.241,86.606
20.245,86.607
20.703,78.621
20.708,78.621
20.763,85.294
20.922,86.041
20.953,85.005
20.957,85.006
20.969,85.172
21.069,85.037
21.363,81.645
21.37,81.685
21.967,85.316
21.98,83.24
22.036,83.73
22.039,83.348
22.042,83.735
22.045,83.737
22.048,88.102
22.107,83.124
22.202,84.576
22.224,84.752
22.329,82.686
22.37,87.302
22.37,87.303
13.158,80.283
26.877,73.517
27.082,73.817
21.38,81.683
18.727,79.533
21.1,72.637
21.101,72.633
21.104,72.638
21.114,72.636
25.418,86.027
20.969,85.175
21.103,72.636
22.043,83.733
27.032,94.89
27.368,94.897
23.563,87.083
23.606,87.152
23.616,86.86
23.67,86.114
23.672,86.42
23.674,86.399
23.674,86.395
23.722,86.442
23.762,85.855
23.774,86.201
23.774,86.397
23.777,86.363
24.209,82.713
20.243,86.604
20.76,85.294
20.762,85.293
20.958,85.006
20.962,85.184
20.967,85.133
21.486,81.765
21.487,81.766
22.062,88.119
22.067,88.119
22.068,88.12
22.106,83.12
22.332,82.658
22.332,82.651
22.785,86.208
31.249,76.929
26.871,73.517
20.967,85.152
20.979,85.134
21.08,85.045
21.758,84.026
21.917,83.35
22.045,83.731
22.045,83.735
22.06,83.723
22.107,83.119
22.322,82.561
23.56,87.082
23.674,86.398
23.69,87.118
23.769,86.398
23.779,86.386
23.783,86.344
23.785,86.337
24.207,82.526
24.661,74.637
26.604,73.684
20.759,85.293
21.102,72.635
21.188,81.198
21.543,81.946
22.06,88.122
22.066,88.118
22.067,88.12
20.761,85.293
21.103,72.637
22.04,83.733
23.563,87.085
23.694,87.101
22.056,88.119
22.364,87.013
22.378,87.274
22.037,83.733
22.046,83.735
22.057,83.727
22.058,83.722
22.324,82.563
22.327,82.683
22.328,82.685
22.329,82.651
22.33,82.653
22.331,82.649
22.334,82.654
22.784,86.207
22.796,86.21
22.805,86.089
22.913,86.073
22.962,85.998
23.559,87.084
23.561,87.085
23.608,87.152
23.616,86.862
23.67,86.422
23.755,86.404
23.761,86.405
23.762,86.398
23.773,86.397
23.774,86.199
23.776,86.361
24.169,80.696
20.696,78.639
20.763,85.292
20.79,85.267
20.863,84.995
20.87,84.99
20.94,86.06
20.954,85.008
20.981,85.138
20.983,85.128
21.067,85.036
21.102,72.637
21.106,72.637
21.302,81.606
21.377,81.647
21.546,81.949
20.969,85.173
22.044,83.734
31.251,76.926
26.758,83.201
27.367,94.895
27.377,95.086
29.908,74.941
22.534,91.701
22.858,86.059
23.665,86.923
23.669,86.423
23.67,86.418
23.671,86.937
23.766,86.378
23.783,86.376
23.792,86.349
20.703,78.622
20.759,85.292
20.759,85.29
20.763,85.293
20.863,84.99
20.889,84.98
20.954,86.047
20.957,85.007
20.965,85.135
20.986,85.129
21.099,72.651
21.101,72.634
21.366,81.654
21.697,84.031
22.044,83.732
22.047,83.737
22.102,83.119
22.105,83.124
22.21,84.877
22.328,82.653
18.679,73.046
18.694,73.038
15.149,76.712
15.184,76.644
20.955,85.008
20.969,85.177
22.044,83.736
21.101,72.638
27.029,94.891
27.315,95.267
27.366,94.896
22.538,91.702
23.563,87.082
23.649,85.568
23.663,86.913
23.665,86.921
23.685,87.122
23.762,86.402
23.763,86.398
23.765,86.403
23.768,86.399
23.815,84.845
20.244,86.598
20.759,85.294
20.759,85.291
20.868,84.988
20.883,84.98
20.924,86.044
20.956,85.007
20.96,85.155
20.964,85.152
20.967,85.134
20.967,85.153
20.973,85.135
20.979,85.14
21.067,85.034
21.07,85.035
21.194,81.416
21.367,81.676
21.373,81.686
21.817,83.994
22.037,83.73
22.044,83.731
22.103,83.119
22.203,84.578
22.212,84.876
22.321,82.663
22.321,82.658
22.323,82.566
22.33,82.651
22.358,87.287
22.365,87.305
22.378,87.288
22.631,86.177
22.816,86.084
22.819,86.088
21.102,72.632
14.605,78.524
15.315,76.254
24.824,73.095
21.101,72.636
21.103,72.638
22.066,88.123
27.46,95.475
23.688,87.118
20.762,85.292
20.81,85.257
20.867,84.995
20.924,86.042
20.956,85.009
20.966,85.153
20.979,85.144
20.985,85.129
21.066,85.036
21.072,85.039
21.249,79.222
21.302,81.605
21.699,84.033
22.061,88.12
22.068,88.121
22.108,83.122
22.219,84.755
22.326,82.687
22.33,82.65
22.37,87.304
22.379,87.276
22.593,85.902
22.8,86.2
22.875,86.06
23.484,87.365
23.563,87.084
23.663,86.916
23.664,86.911
23.677,86.395
23.685,87.12
23.767,86.385
23.77,86.396
23.778,86.361
23.79,86.332
23.814,84.847
19.919,79.113
19.92,79.11
14.589,78.58
14.606,78.519
21.102,72.638
21.103,72.633
20.972,85.177
22.216,84.842
27.031,94.892
27.368,94.896
27.46,95.476
27.463,95.476
20.891,84.98
20.925,86.043
20.954,85.009
20.954,85.006
20.966,85.136
21.366,81.644
21.767,84.015
21.923,83.336
22.031,83.743
22.215,84.863
22.226,84.753
22.326,82.661
22.798,86.197
22.814,86.087
23.667,86.421
23.673,86.418
23.691,90.512
23.733,86.436
23.762,86.403
23.765,86.4
23.766,86.384
23.768,86.397
23.776,86.207
23.779,86.362
17.603,83.199
20.76,85.293
20.76,85.29
32.723,72.922
26.875,73.519
26.879,73.516
21.297,81.616
21.393,81.645
22.039,83.734
22.046,83.736
22.315,82.532
18.688,73.039
15.168,76.67
15.175,76.662
15.181,77.105
15.182,76.654
21.104,72.636
22.042,83.734
27.47,95.424
21.993,85.324
22.058,88.121
22.369,87.016
22.381,87.279
22.381,87.274
22.797,86.196
23.55,86.541
23.617,86.788
23.669,86.418
23.684,86.081
23.722,86.443
23.722,86.437
23.724,86.437
23.776,86.382
23.786,86.329
20.764,85.288
20.788,85.254
20.891,84.982
31.252,76.929
22.372,87.301
22.381,87.276
22.855,86.058
23.564,87.083
23.667,86.422
23.681,86.104
23.764,86.398
23.769,86.404
23.769,86.399
23.77,86.4
23.778,86.364
23.78,86.202
23.791,86.334
24.12,86.351
24.175,82.678
24.208,82.525
20.872,84.996
20.888,84.978
20.963,85.154
20.969,85.155
20.974,85.135
20.987,85.129
21.069,85.035
21.239,79.236
21.384,81.658
21.49,81.768
21.93,83.347
21.971,85.316
22.044,83.733
22.1,84.376
22.104,83.116
22.107,83.123
22.315,82.529
22.327,82.686
22.333,82.653
22.333,82.654
18.678,73.044
21.102,72.636
27.459,95.475
23.512,87.275
23.635,86.294
23.668,86.421
23.71,86.077
23.766,86.403
23.77,86.385
23.821,85.494
20.955,85.007
20.966,85.152
20.969,86.012
20.985,85.126
21.068,85.036
21.344,81.671
21.362,81.649
21.486,81.771
21.542,81.945
21.886,82.054
22.038,83.738
22.042,83.731
22.046,83.732
22.859,86.058
22.911,86.073
22.962,85.997
24.205,82.523
21.1,72.636
20.791,85.261
20.956,85.008
23.683,86.086
27.318,95.259
27.471,95.419
27.533,95.398
27.03,94.889
27.321,95.266
27.458,95.476
27.463,95.477
26.272,74.187
20.953,85.006
20.954,85.147
20.967,85.154
20.978,85.139
21.068,85.035
21.541,81.945
21.698,84.031
21.776,83.832
21.805,83.887
21.818,83.996
21.821,83.996
21.914,83.354
21.98,83.239
22.102,83.121
22.103,83.117
22.105,83.122
22.216,84.862
22.324,82.684
22.329,82.653
22.329,82.65
22.808,86.089
22.913,86.072
22.964,85.996
23.509,87.276
23.547,86.547
23.548,86.543
23.561,87.084
23.611,87.145
23.627,86.288
23.667,86.42
23.674,86.401
23.684,87.121
23.693,86.081
23.697,86.081
23.754,86.403
23.759,86.416
23.765,86.401
23.766,86.372
23.768,86.406
23.775,86.362
23.783,86.339
23.822,85.494
24.192,82.576
24.206,82.523
24.325,81.326
19.1,73.054
21.185,81.392
21.193,81.414
21.24,81.388
21.301,81.604
21.311,81.589
21.361,81.65
21.381,81.657
14.876,78.052
15.526,73.991
21.193,81.418
23.669,86.422
21.756,83.844
21.756,83.838
21.769,84.016
22.044,83.737
22.207,84.869
22.21,84.846
22.218,84.754
22.223,84.75
22.324,82.687
22.38,87.276
22.911,86.075
23.482,87.364
23.562,87.082
23.67,86.935
23.675,86.396
23.681,86.099
23.723,86.438
23.754,86.396
23.758,86.418
23.764,86.38
23.766,86.387
23.767,86.405
23.789,86.329
23.794,86.238
23.815,84.846
24.188,82.578
20.695,78.635
20.829,86.962
20.836,86.963
20.924,86.043
20.969,85.178
20.984,85.126
21.067,85.037
21.195,81.395
22.266,75.13
15.917,77.363
17.061,76.979
15.154,76.71
15.337,76.276
26.644,79.484
22.268,75.133
21.196,81.42
21.197,81.415
21.198,81.42
23.718,86.445
24.208,82.715
27.367,94.896
27.461,95.477
22.221,84.752
22.325,82.662
22.326,82.653
22.368,87.303
22.38,87.278
22.631,86.179
23.555,87.242
23.56,87.084
23.666,86.422
23.67,86.419
23.671,86.418
23.678,86.095
23.695,86.075
23.757,85.851
23.762,86.39
23.778,86.363
23.781,86.387
23.783,86.371
23.795,86.238
23.799,86.345
23.801,86.332
23.812,84.847
23.817,84.848
23.823,85.494
24.205,82.522
20.94,86.062
20.954,85.007
20.957,85.008
21.178,81.388
21.193,81.415
21.307,81.59
21.374,81.677
21.696,84.031
21.752,83.84
21.796,83.989
22.032,83.356
22.033,83.746
22.035,83.745
22.038,83.349
22.039,83.736
24.167,80.697
24.17,80.697
21.374,81.683
21.926,83.344
22.105,83.116
22.315,82.53
22.316,82.528
21.796,72.648
14.871,78.051
14.876,78.053
15.18,76.658
15.684,78.458
13.898,76.566
23.672,86.422
23.813,84.847
27.462,95.476
21.103,72.635
27.369,94.894
27.461,95.475
22.631,86.178
22.86,86.056
22.872,86.062
23.611,87.143
23.614,87.144
23.657,85.505
23.665,84.997
23.669,86.421
23.671,86.421
23.695,87.111
23.724,86.438
23.763,86.401
23.772,86.396
23.775,86.198
23.782,86.343
23.783,86.388
23.787,86.329
23.799,86.341
23.812,84.846
23.819,84.847
21.763,83.843
21.925,83.353
21.926,83.345
32.721,72.924
23.671,86.419
23.675,86.108
23.766,86.402
23.787,86.206
23.798,86.349
23.927,85.344
20.985,85.128
21.083,85.034
21.674,82.084
21.775,83.83
21.777,83.828
21.971,85.315
22.033,83.367
22.035,83.747
22.042,83.352
22.046,83.734
22.058,88.12
22.106,83.117
22.207,84.851
22.209,84.85
22.217,84.753
22.219,84.753
22.224,84.759
22.224,84.75
22.334,82.655
23.711,85.404
24.169,80.693
24.209,82.708
24.581,74.802
22.263,75.135
15.185,76.66
15.189,76.661
15.197,76.379
15.916,77.365
18.679,73.04
21.104,72.635
22.067,88.124
23.763,86.403
27.03,94.891
27.369,94.898
21.763,84.027
21.764,84.023
21.776,83.828
21.777,83.829
21.818,83.994
21.876,83.498
22.105,83.119
22.242,87.388
22.247,87.39
22.313,82.529
22.324,82.686
22.33,82.649
22.33,82.654
22.371,87.302
23.564,87.085
23.617,86.792
23.677,86.396
23.754,86.404
23.766,86.377
23.766,86.401
23.77,86.402
23.789,86.336
23.79,86.336
23.79,86.331
23.791,86.33
23.988,79.393
24.055,80.615
24.163,82.687
24.595,80.863
20.963,85.152
20.964,85.153
20.982,85.129
21.102,72.648
21.104,72.637
21.104,72.633
21.192,81.417
21.488,81.771
15.917,77.362
18.69,73.043
15.187,76.657
15.19,76.658
15.523,73.997
15.525,73.995
22.045,83.734
23.7,86.076
27.472,95.422
27.031,94.889
22.052,85.465
22.219,84.754
22.472,91.733
22.79,86.211
23.668,86.422
23.672,86.418
23.676,86.395
23.7,86.072
23.717,86.439
23.765,86.402
23.769,86.383
23.773,86.399
23.784,86.339
23.816,84.847
24.164,82.685
24.482,77.146
19.963,79.337
20.795,85.258
20.958,85.177
20.964,85.154
20.966,85.134
20.974,85.142
20.984,85.127
21.065,85.037
21.073,85.034
21.099,72.635
21.19,81.197
21.24,79.234
21.362,81.651
21.38,81.646
21.673,84.043
21.699,84.032
21.76,84.026
21.776,83.83
21.794,83.989
21.818,83.993
22.029,83.367
22.034,83.747
22.044,83.729
22.055,83.724
22.102,83.122
22.106,83.122
22.314,82.536
19.103,73.055
14.607,78.524
15.225,76.765
15.916,77.361
20.963,86.013
23.668,86.42
23.816,84.846
26.064,93.928
26.787,94.671
23.03,86.161
23.631,86.298
23.686,86.089
23.765,86.399
23.768,86.404
23.769,86.4
23.774,86.361
23.778,86.362
23.808,84.846
23.815,84.847
24.186,82.578
24.19,82.578
24.242,78.16
20.695,78.636
21.103,72.639
21.107,72.637
21.373,81.684
21.761,84.025
21.925,83.336
22.101,83.117
22.212,84.841
22.318,82.535
19.789,79.147
14.607,78.525
27.079,73.817
21.11,72.648
27.369,94.899
21.102,72.634
27.463,95.478
23.673,86.108
23.699,86.077
23.699,86.072
20.94,86.057
20.971,86.01
21.365,81.65
21.376,81.651
22.043,83.731
17.607,83.199
15.137,76.707
15.138,76.706
15.151,76.708
32.087,74.161
21.379,81.644
24.821,73.096
21.101,72.635
21.105,72.636
14.871,78.054
27.03,94.89
27.37,94.895
20.764,85.289
20.79,85.265
20.795,85.249
22.006,82.665
32.203,74.221
32.725,73.14
27.83,73.222
22.042,83.733
22.043,83.727
24.714,74.669
26.299,74.125
21.103,72.634
21.106,72.635
21.374,81.641
21.38,81.643
15.686,78.457
15.916,77.362
18.694,73.044
18.805,74.261
21.101,72.637
23.755,86.405
27.368,94.895
27.377,95.085
22.38,87.277
23.558,87.234
23.691,87.117
23.693,87.095
23.66,85.506
23.672,86.093
23.682,86.388
23.721,86.44
23.75,86.424
23.755,86.403
23.767,86.398
23.774,86.198
23.78,86.364
23.785,86.392
23.823,85.495
24.054,80.613
24.209,82.707
20.243,86.609
21.105,72.638
21.182,81.38
21.579,82.023
21.63,82.113
22.319,82.536
18.681,73.042
15.661,73.991
27.368,94.893
27.463,95.475
26.785,94.671
26.785,94.67
23.71,85.401
23.767,86.382
23.816,84.848
24.055,80.613
24.203,80.799
24.327,81.329
24.596,80.86
21.235,79.63
21.24,81.387
21.243,79.233
22.042,83.732
22.045,83.732
16.875,80.121
21.108,72.642
14.606,78.521
15.151,76.712
15.18,76.663
15.661,73.988
15.916,77.363
21.197,81.42
23.614,87.147
23.668,86.419
23.672,86.419
23.724,86.448
23.733,86.438
23.753,86.399
23.754,85.859
23.77,86.395
23.779,86.365
23.799,86.342
26.298,74.123
26.3,74.122
21.189,81.388
21.372,81.683
21.698,84.033
21.822,83.998
21.982,83.24
22.106,83.121
22.222,84.753
22.269,75.132
22.314,84.769
22.318,82.533
22.331,82.65
22.333,82.531
22.359,87.288
22.388,87.285
22.793,86.209
23.65,85.567
23.817,84.845
24.716,75.951
14.874,78.053
15.137,76.711
15.336,76.28
27.081,73.818
24.692,73.003
21.115,72.635
22.369,87.305
22.802,86.093
27.367,94.897
27.461,95.478
26.643,79.475
20.922,86.043
20.956,85.144
20.977,86.007
20.977,86.004
20.982,85.126
20.986,85.127
22.204,84.579
22.316,84.766
22.371,87.301
22.378,87.275
23.511,87.276
23.677,86.107
23.7,86.079
23.779,86.363
24.19,82.574
19.923,79.111
15.138,76.709
21.102,72.639
21.104,72.634
23.735,85.021
21.101,72.639
26.759,83.197
22.057,85.464
22.535,91.698
23.666,86.42
23.683,86.088
23.723,86.447
23.733,85.015
23.763,86.416
23.764,86.4
23.77,86.397
23.783,86.389
23.788,86.33
23.798,86.341
23.801,86.342
23.811,86.316
23.814,84.843
24.21,82.712
29.455,76.868
29.456,76.867
27.668,76.13
21.24,79.231
24.688,73.0
19.021,72.893
15.175,76.38
15.188,76.655
23.732,85.016
23.732,85.018
23.564,87.084
23.674,86.108
23.763,86.4
23.779,86.385
23.783,86.342
24.194,82.575
24.565,81.001
26.645,79.481
26.881,73.512
21.196,81.399
21.198,81.415
21.239,79.231
22.035,83.357
22.036,83.35
22.043,83.732
22.206,84.846
22.379,87.275
22.812,86.086
24.936,74.632
21.102,72.65
15.183,76.645
15.524,73.999
19.964,79.337
27.321,95.264
23.687,87.124
23.777,86.349
23.806,86.318
20.762,85.291
20.87,84.989
20.965,85.152
20.967,85.155
20.969,85.147
21.192,81.201
21.197,81.419
21.303,81.607
21.36,81.652
21.364,81.653
21.372,81.685
21.38,81.682
21.489,81.769
21.544,81.95
21.681,84.044
21.699,84.031
21.769,84.026
21.82,83.993
21.822,83.895
21.925,83.354
21.981,83.243
21.982,83.234
22.046,83.729
22.21,84.879
22.319,82.535
22.322,82.563
22.594,85.903
23.562,87.085
23.71,85.405
24.176,82.679
24.566,81.003
24.596,80.862
24.716,74.67
20.698,78.637
21.241,79.234
15.183,76.664
15.311,76.252
15.339,76.275
18.695,73.042
20.76,85.295
22.044,83.735
25.414,86.027
26.76,83.205
21.777,83.831
21.796,83.991
21.821,83.896
22.043,83.73
22.047,83.731
22.131,85.421
22.168,85.435
22.204,84.578
22.204,84.848
22.208,84.868
22.315,84.768
22.328,82.684
22.379,87.277
22.379,87.285
22.381,87.287
20.761,85.294
20.79,85.252
20.923,86.043
20.956,85.01
20.968,85.146
20.98,85.14
21.192,81.415
21.196,81.415
21.239,81.385
21.243,79.232
21.373,81.685
21.379,81.645
16.877,80.122
17.141,77.174
17.612,83.206
17.612,83.202
25.416,86.026
27.464,95.476
27.462,95.475
22.378,87.276
22.811,86.084
23.549,86.542
23.667,86.418
23.742,85.012
23.763,86.404
23.764,86.389
23.77,86.403
23.782,86.339
23.796,86.342
23.817,84.847
24.194,82.577
24.924,84.154
15.137,76.712
27.378,95.09
23.627,86.289
23.632,86.29
23.671,84.994
23.674,86.114
23.692,90.512
23.764,86.388
23.777,86.362
23.817,84.846
20.793,85.261
20.955,85.006
21.378,81.678
21.488,81.77
15.228,76.766
15.338,76.276
22.045,83.736
27.379,95.088
22.782,86.199
22.784,86.2
23.564,87.087
23.564,87.237
23.567,87.089
23.631,86.288
23.665,84.995
23.733,85.016
23.76,85.85
23.761,85.851
23.779,86.384
23.785,86.39
20.761,85.29
20.796,85.249
20.797,85.248
21.876,83.552
21.879,83.551
22.041,83.349
22.369,87.018
17.606,83.198
31.615,74.373
31.621,74.425
23.618,86.791
23.785,86.346
23.809,86.329
20.981,85.131
20.985,85.127
21.08,85.031
21.489,81.771
21.804,83.884
21.82,83.892
21.821,83.895
21.874,83.494
21.88,83.495
22.035,83.746
22.038,83.733
22.102,83.118
22.107,83.12
22.108,83.119
22.334,82.65
23.679,86.104
23.701,86.07
23.707,86.072
21.241,79.232
15.136,76.709
15.198,76.378
15.336,76.287
18.68,73.044
18.68,73.04
18.805,74.26
13.42,80.087
27.375,95.088
26.76,83.204
21.804,83.886
21.82,83.893
22.103,83.115
22.314,82.534
22.315,82.528
23.166,82.335
24.054,80.612
24.176,82.678
24.207,82.528
24.209,82.712
20.797,85.25
20.969,86.014
20.978,85.133
21.185,81.383
21.244,79.231
17.14,77.176
18.678,73.046
13.555,77.013
15.18,76.788
15.186,76.642
15.194,76.378
15.198,76.379
22.212,84.872
22.792,86.205
22.817,86.087
23.509,87.28
23.669,86.42
23.769,86.405
23.79,86.334
23.8,86.343
26.266,74.187
26.297,74.123
20.792,85.259
20.799,85.261
20.955,85.01
20.956,85.006
20.963,85.153
20.966,85.151
20.978,85.167
21.236,79.632
21.239,81.386
21.242,79.231
21.697,84.032
22.041,83.733
22.045,83.73
16.876,80.12
15.66,73.986
22.792,86.2
22.793,86.193
23.664,86.913
23.761,85.853
23.764,86.403
24.12,86.357
24.21,82.71
24.665,74.63
26.646,79.476
20.761,85.291
20.942,86.063
20.979,85.137
20.98,85.133
21.195,81.388
21.245,79.233
21.38,81.647
21.384,81.655
22.006,82.666
22.313,82.523
22.328,82.652
22.333,82.659
17.141,77.176
19.105,73.053
14.873,78.053
15.18,77.101
15.184,76.637
22.325,82.591
23.612,87.143
23.626,85.643
23.671,84.993
23.687,90.512
23.72,86.445
23.733,85.017
23.737,85.024
23.762,86.418
23.764,86.401
23.777,86.361
23.782,86.387
23.797,86.342
24.186,82.575
24.204,82.522
24.451,83.038
20.89,84.979
20.954,85.005
20.958,85.01
20.958,85.008
21.197,81.416
21.363,81.65
21.392,81.645
21.733,83.98
21.733,83.981
22.03,83.365
22.037,83.348
22.041,83.732
22.045,83.733
22.214,84.876
22.322,82.564
22.329,82.654
22.334,82.658
23.164,82.34
19.962,79.331
21.103,72.632
18.694,73.041
23.681,86.087
23.779,86.35
23.556,87.242
23.565,87.084
23.607,87.152
23.696,87.103
23.722,86.439
23.754,86.397
23.766,86.386
23.774,86.362
23.778,86.383
23.78,86.362
23.791,86.333
23.809,86.313
23.816,84.844
24.207,82.715
20.765,85.291
20.803,85.255
20.923,86.041
20.984,85.128
21.38,81.638
21.38,81.639
21.676,82.079
21.677,84.033
21.679,84.034
21.764,84.015
21.77,84.015
21.772,84.015
21.922,83.344
21.988,83.231
22.008,82.668
22.226,84.751
22.321,82.657
22.328,82.651
22.334,82.657
22.361,87.288
22.368,87.014
22.593,85.901
22.805,86.088
22.86,86.055
22.877,86.063
21.821,83.894
21.822,83.997
21.918,83.348
22.04,83.732
22.045,83.729
22.207,84.857
22.21,84.871
22.215,84.872
22.225,84.754
22.329,82.685
22.872,86.06
23.167,82.336
23.564,87.086
23.671,86.92
23.678,86.395
23.697,87.109
23.703,86.073
23.779,86.203
23.784,86.212
23.785,86.374
23.787,86.338
26.878,73.517
21.106,72.639
18.678,73.045
18.806,74.262
19.936,73.713
15.66,73.991
13.158,80.284
20.704,78.625
22.044,83.73
22.359,87.287
22.364,87.297
22.364,87.014
23.665,86.914
31.617,74.374
32.295,74.313
22.363,87.015
22.381,87.282
22.812,86.09
23.031,86.16
23.759,85.859
23.761,85.86
24.202,80.802
20.956,85.005
20.968,85.153
20.975,86.001
20.981,85.139
20.982,85.139
21.242,79.234
21.344,81.672
21.822,83.995
21.877,83.493
21.879,83.557
22.046,83.733
22.047,83.728
22.264,75.135
15.189,76.659
20.702,78.621
22.333,82.657
23.549,86.547
23.608,87.151
23.669,86.419
23.805,86.333
23.984,90.638
24.055,80.614
20.792,85.261
20.809,85.259
20.957,85.005
20.983,85.127
20.985,85.132
20.986,85.126
20.987,85.128
21.235,79.631
21.374,81.685
21.733,83.985
21.887,82.051
21.928,83.347
22.223,84.753
22.318,82.536
22.324,82.564
22.333,82.655
22.591,85.908
22.592,85.902
22.592,85.907
22.793,86.205
22.803,86.087
15.173,76.663
15.181,77.103
15.185,76.649
15.196,76.378
13.003,74.85
20.805,85.26
20.963,86.053
23.559,87.246
23.562,87.084
23.611,87.148
23.634,86.301
23.67,86.934
23.826,85.464
23.84,85.304
24.175,82.679
24.208,82.707
20.969,85.134
20.969,85.152
20.975,85.138
20.986,85.132
21.066,85.037
21.184,81.38
21.341,81.671
21.366,81.652
21.697,84.033
21.981,83.238
22.321,82.562
22.323,82.565
19.935,73.712
21.11,72.64
15.19,76.657
15.332,76.284
21.099,72.634
21.106,72.636
21.111,72.643
20.969,85.145
21.983,83.236
21.987,83.237
22.201,84.576
22.327,82.687
23.564,87.082
23.65,85.566
23.67,86.421
23.696,87.121
23.77,86.401
23.775,86.361
23.779,86.361
24.189,82.579
20.697,78.634
21.246,79.22
15.177,76.675
17.146,78.22
32.086,74.16
32.087,74.163
26.64,79.481
22.065,88.123
21.38,81.678
21.389,81.642
21.684,84.041
21.736,83.979
21.762,84.017
21.774,84.018
21.92,83.346
21.926,83.347
21.934,85.22
22.008,82.666
22.029,83.364
22.03,83.36
22.036,83.36
22.222,84.749
22.243,87.386
22.324,82.566
22.327,82.682
22.368,87.015
22.37,87.015
22.539,91.699
23.563,87.24
23.67,86.42
23.682,86.081
23.693,87.101
23.697,87.107
23.735,85.017
23.747,85.504
23.761,85.852
23.818,84.847
23.824,85.461
24.172,82.558
20.759,85.295
20.76,85.291
20.764,85.292
20.823,86.961
20.827,86.961
20.926,86.042
20.951,86.045
20.957,85.009
20.966,86.006
20.974,85.139
21.083,85.035
21.198,81.414
21.313,81.588
21.379,81.642
26.646,79.482
21.769,84.015
21.931,83.337
22.033,83.366
22.041,83.731
22.044,83.727
22.312,82.529
22.315,82.527
22.33,82.601
17.149,78.226
19.937,73.711
19.938,73.714
15.178,76.664
15.183,76.665
23.781,86.35
27.46,95.477
15.172,76.663
15.173,76.667
27.033,94.889
22.055,88.119
22.366,87.012
23.56,87.079
23.562,87.081
23.694,90.51
23.765,86.387
23.782,86.341
23.79,86.329
20.761,85.289
20.89,84.976
31.616,74.376
23.614,87.145
23.659,85.506
23.698,87.114
23.7,86.075
23.742,85.013
23.768,86.383
23.791,86.332
23.798,86.353
24.12,86.353
24.121,86.351
24.195,82.576
26.274,74.19
26.605,73.684
20.881,84.981
20.97,85.152
20.975,85.131
20.98,85.137
20.987,85.13
21.303,81.605
21.489,81.767
21.579,82.024
21.929,83.348
21.934,85.219
21.984,83.235
22.036,83.361
22.317,82.536
22.322,82.56
22.328,82.601
22.328,82.603
22.333,82.65
22.368,87.02
22.381,87.283
22.792,86.203
22.806,86.088
22.813,86.085
24.581,74.804
24.693,73.001
21.109,72.65
15.187,76.653
15.525,73.997
13.003,74.852
21.185,81.393
23.813,84.848
27.315,95.265
23.696,87.115
23.767,86.384
23.783,86.397
24.12,86.349
26.762,83.205
20.955,86.047
20.968,85.135
20.969,85.153
20.978,85.128
21.183,81.379
21.191,81.414
21.34,81.671
21.68,84.043
22.051,88.105
22.058,88.122
22.246,87.391
22.313,82.528
22.314,82.53
22.326,82.682
23.51,87.276
23.608,87.15
23.706,86.072
23.741,85.005
23.754,86.402
23.822,85.497
23.823,85.493
23.824,85.464
24.195,82.577
18.688,73.029
19.105,73.052
15.187,76.637
15.524,73.997
13.555,77.014
17.611,83.207
20.825,86.961
22.324,82.591
23.559,87.244
27.031,94.891
27.033,94.891
24.923,84.155
26.762,83.204
29.125,75.778
22.313,84.766
22.33,82.652
22.81,86.083
24.209,82.711
21.11,72.646
15.179,76.672
15.339,76.276
20.866,84.999
22.051,88.128
26.064,93.931
26.641,79.473
26.76,83.203
26.785,94.673
22.332,82.65
22.91,86.074
23.031,86.161
23.814,84.845
19.785,79.145
20.89,84.98
20.962,86.052
20.963,85.146
20.966,85.189
20.966,86.048
20.968,85.145
20.97,85.154
21.196,81.413
21.197,81.398
29.124,75.779
29.264,91.923
26.763,83.196
26.786,94.67
20.83,86.962
20.954,85.004
20.968,85.144
21.082,85.032
32.086,74.168
26.876,73.519
27.081,73.819
21.104,72.639
15.152,76.71
15.337,76.286
13.004,74.851
15.172,76.662
23.76,85.849
23.778,86.384
23.813,84.843
20.882,84.98
20.944,86.061
21.678,84.034
21.93,83.335
22.224,84.749
31.616,74.375
31.622,74.43
31.622,74.426
32.103,74.174
32.295,74.314
23.764,86.399
23.777,86.203
23.781,86.386
23.785,86.393
20.969,85.151
21.071,85.036
21.303,81.606
21.374,81.686
21.579,82.021
21.677,84.035
21.683,84.037
22.042,83.353
23.741,85.007
21.114,72.637
22.367,73.117
15.179,76.659
15.188,76.657
21.192,81.419
31.616,74.374
31.622,74.433
26.646,79.48
26.875,73.514
27.668,76.127
21.818,83.995
21.822,83.996
21.986,83.235
22.025,83.381
22.057,88.121
22.227,84.754
23.485,87.355
23.563,87.242
23.78,86.363
23.782,86.376
23.798,86.35
23.811,84.848
23.815,84.849
20.762,85.295
20.969,85.156
20.976,85.139
20.981,85.147
21.236,79.629
13.899,76.565
14.874,78.051
15.171,76.682
15.18,77.104
15.316,76.255
27.032,94.889
22.331,82.652
22.358,87.292
23.561,87.243
23.628,86.292
23.65,85.57
23.717,86.446
23.815,84.848
23.825,85.463
24.567,81.003
20.964,85.151
20.964,86.008
20.968,85.152
20.968,85.148
20.977,85.14
20.981,85.137
21.067,85.038
21.102,72.633
21.182,81.379
21.247,81.77
21.82,83.895
22.039,83.355
18.689,73.036
13.161,80.287
20.824,86.962
20.962,86.009
29.909,74.959
29.912,74.954
23.482,87.362
23.562,87.083
23.614,87.146
23.651,85.568
23.663,86.911
23.676,86.398
23.72,85.011
23.774,86.395
23.777,86.365
23.779,86.364
23.814,84.849
23.815,84.844
23.831,85.503
24.19,82.579
24.194,82.579
20.245,86.597
20.515,85.727
20.762,85.294
20.828,86.962
20.966,85.192
20.968,85.149
21.071,85.042
21.072,85.038
21.107,72.638
21.114,72.632
21.673,84.042
21.7,84.033
21.763,83.842
22.322,82.663
22.327,82.653
18.685,73.027
19.105,73.054
15.176,76.785
15.181,76.651
15.661,73.986
27.079,73.818
21.103,72.653
26.763,83.2
23.671,84.997
23.692,90.511
23.7,86.077
23.721,86.439
23.738,85.023
23.758,85.857
23.79,86.33
23.812,84.848
24.12,86.352
26.646,79.473
20.96,85.145
20.968,85.151
20.988,85.131
23.164,82.342
19.967,79.331
14.606,78.52
15.022,78.01
26.606,73.684
26.645,79.483
26.646,79.481
26.88,73.512
26.927,73.466
15.176,76.376
26.521,90.531
27.032,94.891
23.561,87.083
23.563,87.238
23.617,86.787
23.634,86.293
23.675,86.083
23.698,87.104
23.769,86.397
23.789,86.333
23.808,86.313
24.211,82.71
20.789,85.257
20.809,85.254
20.892,84.98
21.673,82.077
21.994,85.324
31.619,74.427
32.296,74.314
32.728,73.139
21.929,83.339
23.786,86.21
23.786,86.209
23.79,86.335
24.531,81.17
26.273,74.192
26.927,73.467
19.939,73.711
18.677,73.045
15.069,76.865
15.173,76.669
23.781,86.212
23.613,87.143
23.697,87.117
23.698,87.102
31.329,76.893
31.618,74.374
32.087,74.166
32.725,73.138
29.46,76.865
22.243,87.387
23.612,87.142
23.623,85.643
23.684,86.088
23.72,86.439
23.725,85.525
23.784,86.396
23.842,85.303
24.121,86.355
26.296,74.127
20.79,85.262
20.97,85.135
20.981,85.134
20.982,85.127
21.489,81.77
22.023,83.377
17.956,80.796
19.104,73.053
13.002,74.851
15.311,76.253
15.524,73.998
20.975,85.139
22.324,82.59
31.614,74.375
32.086,74.161
32.718,72.772
32.726,73.137
22.478,91.733
22.792,86.204
23.483,87.359
23.518,87.271
23.562,87.086
23.692,87.101
23.721,86.438
23.722,86.45
23.764,86.402
23.813,84.844
20.792,85.262
20.976,85.132
20.979,85.138
21.191,81.416
21.542,81.948
22.312,82.528
22.321,82.662
15.185,76.643
15.66,73.987
20.783,85.269
20.819,86.966
20.822,86.961
20.965,85.153
29.476,76.856
21.1,72.638
23.624,85.644
23.635,86.301
23.686,86.09
23.709,86.075
23.752,86.4
23.776,86.397
23.778,86.366
23.801,86.343
23.816,84.845
23.824,85.463
24.923,84.156
26.641,79.474
20.824,86.961
21.07,85.038
21.071,85.034
21.192,81.416
21.2,81.417
21.297,81.606
21.735,83.98
21.82,83.994
22.211,84.88
22.246,87.387
22.322,82.565
22.328,82.686
17.146,78.221
21.1,72.635
21.113,72.63
21.1,72.633
20.89,84.983
22.052,88.128
22.211,84.843
22.325,82.593
23.671,86.938
23.664,86.916
23.723,86.449
23.777,86.36
20.517,85.725
20.788,85.257
20.969,85.15
20.976,86.002
20.983,85.126
21.068,85.034
22.039,83.347
22.215,84.862
22.328,82.683
22.369,87.303
22.912,86.074
23.485,87.366
23.513,87.277
23.662,86.913
23.694,86.078
23.725,86.447
23.814,84.844
23.992,79.389
14.608,78.52
32.103,74.175
26.642,79.484
24.66,74.637
21.107,72.639
26.762,83.196
20.966,85.191
21.194,81.413
21.35,81.663
21.676,82.077
21.771,84.015
23.551,87.24
17.606,83.199
31.621,74.426
32.104,74.175
27.67,76.132
29.125,75.78
26.877,73.513
26.881,73.514
21.38,81.64
21.491,81.769
22.333,82.651
18.679,73.044
15.175,76.664
19.11,73.051
20.967,86.006
20.968,86.002
22.792,86.202
22.877,86.061
23.679,86.09
23.686,86.091
23.688,87.117
23.694,87.103
23.726,86.437
23.756,85.85
23.763,86.387
23.777,86.382
23.788,86.329
32.725,73.142
31.615,74.375
22.246,87.385
22.248,87.386
23.67,86.922
23.685,86.095
23.724,86.449
23.779,86.342
23.785,86.395
23.8,86.329
21.93,83.348
22.04,83.731
22.216,84.865
22.329,82.604
22.334,82.651
19.938,73.711
21.1,72.652
15.172,76.683
21.105,72.639
27.468,95.42
26.787,94.67
20.98,85.135
22.804,86.091
24.202,80.801
24.822,73.091
18.802,74.257
15.169,76.674
15.189,76.655
15.226,76.765
15.31,76.252
13.161,80.286
24.12,86.35
27.725,84.816
20.953,86.046
21.24,81.385
21.366,81.647
21.697,84.03
22.477,91.735
19.106,73.051
21.101,72.642
21.113,72.631
21.249,79.22
24.869,92.026
21.099,72.638
26.642,79.473
26.642,79.474
20.824,86.96
20.942,86.064
21.072,85.036
21.734,83.979
21.988,83.234
22.024,83.38
22.038,83.736
22.206,84.869
22.323,82.564
22.364,87.304
22.38,87.287
22.912,86.071
23.635,86.3
23.635,86.298
23.672,86.936
23.679,86.393
23.697,87.102
23.789,86.33
23.813,84.846
23.842,85.302
23.988,79.389
20.516,85.723
20.963,85.145
20.98,85.134
15.121,76.81
31.26,76.926
24.932,74.632
19.938,73.712
20.793,85.258
26.761,83.196
21.681,84.035
21.698,84.03
21.734,83.98
21.876,83.493
21.983,83.229
22.332,82.53
22.783,86.199
22.877,86.059
23.673,86.403
23.674,86.402
23.752,86.414
23.777,86.383
23.778,86.343
23.783,86.387
23.797,86.341
21.191,81.388
21.201,81.414
21.244,79.22
21.246,79.219
21.251,79.221
21.379,81.638
21.486,81.766
21.675,82.079
21.489,81.765
24.664,74.635
24.14,82.566
26.787,94.673
27.031,94.89
27.461,95.474
27.472,95.421
21.93,85.216
22.039,83.729
22.046,83.73
22.371,87.299
22.592,85.901
22.793,86.207
22.875,86.059
23.562,87.236
23.671,86.415
23.672,86.399
23.684,86.087
23.694,87.119
23.76,85.851
23.765,86.388
23.782,86.385
20.76,85.292
20.885,84.979
20.892,84.979
23.518,87.27
23.685,86.079
23.685,86.092
23.776,86.204
23.798,86.347
23.809,86.327
23.824,85.496
24.139,82.568
24.14,82.561
24.145,82.563
20.965,85.163
20.969,85.165
20.977,85.129
20.985,85.125
21.188,81.386
21.367,81.646
21.93,83.346
21.931,83.348
22.034,83.744
22.034,83.729
22.043,83.729
22.107,83.122
22.332,82.648
22.37,87.016
22.375,87.277
18.689,73.049
19.097,82.168
19.789,79.149
21.115,72.636
14.875,78.052
22.323,82.563
23.804,86.333
27.265,95.123
32.085,74.163
26.266,74.189
29.126,75.778
20.889,84.985
20.968,85.157
21.068,85.037
21.188,81.387
22.038,83.731
24.142,82.564
24.143,82.562
24.208,82.527
19.102,82.17
19.102,82.166
19.935,73.711
19.936,73.71
15.169,76.667
15.31,76.254
15.336,76.277
15.915,77.362
18.695,73.04
22.325,82.59
27.727,84.816
21.859,83.966
21.982,83.238
22.211,84.859
22.313,82.521
22.327,82.604
22.368,87.304
22.793,86.211
23.702,90.53
24.142,82.565
24.159,82.673
19.103,82.169
20.801,85.257
20.979,85.129
20.983,85.125
21.071,85.037
21.071,85.038
21.1,72.634
21.191,81.417
21.239,81.387
22.268,75.132
15.34,76.276
20.996,86.013
21.981,83.237
22.038,83.348
22.247,87.389
22.328,82.605
22.333,82.658
22.361,87.29
22.38,87.279
23.511,87.28
23.613,87.144
23.665,85.553
23.681,86.388
23.708,86.071
23.72,86.438
23.748,85.508
23.77,86.404
23.771,86.396
23.779,86.366
23.822,85.495
24.192,82.58
24.209,82.527
24.717,75.951
19.103,82.168
20.969,85.154
20.982,85.14
21.114,72.631
21.194,81.39
21.861,83.967
19.105,73.051
15.336,76.278
15.661,73.987
29.461,76.89
24.581,74.803
26.644,79.472
23.164,82.339
23.529,85.7
23.554,87.238
23.56,87.228
23.561,87.232
23.771,86.403
23.807,84.843
24.161,82.672
20.982,85.138
21.368,81.642
21.68,84.035
21.734,83.981
21.773,84.019
22.101,83.119
22.106,83.123
22.108,83.121
22.326,82.603
13.162,80.282
29.46,76.866
31.259,76.923
24.139,82.564
24.163,82.673
24.171,80.693
26.267,74.188
26.647,79.481
21.235,79.628
23.171,82.338
15.177,76.663
23.68,86.099
22.325,82.604
26.759,83.195
27.032,94.888
23.564,87.081
23.607,87.15
23.695,87.102
23.763,86.388
23.78,86.386
23.784,86.344
24.159,82.668
24.21,82.713
20.997,86.01
21.003,86.011
27.726,84.813
29.461,76.891
23.519,87.271
26.644,79.48
20.97,86.009
24.14,82.568
24.14,82.564
24.156,82.671
24.53,81.169
24.69,73.0
15.178,76.663
15.187,76.641
15.181,76.644
22.324,82.561
29.46,76.888
29.474,76.859
27.369,94.893
29.263,91.921
23.692,87.095
29.123,75.776
29.477,76.855
22.041,83.73
22.208,84.851
22.311,82.53
22.314,82.528
23.52,87.27
23.564,87.231
23.567,87.09
23.662,85.505
23.726,85.524
23.738,85.005
23.794,86.231
23.991,79.395
24.139,82.569
24.139,82.565
24.144,82.566
24.159,82.671
19.104,82.168
21.231,79.63
21.366,81.646
18.677,73.046
13.004,74.852
15.341,76.276
19.102,82.169
24.161,82.675
32.716,72.773
32.724,73.138
27.727,84.814
29.459,76.863
29.461,76.888
29.477,76.857
22.791,86.192
23.671,86.917
23.808,86.331
23.816,86.97
24.119,86.349
24.137,82.571
24.141,82.564
24.16,82.674
24.53,81.17
24.715,74.671
24.924,84.157
20.867,84.988
20.963,85.147
20.967,85.19
21.35,81.667
21.383,81.658
21.773,84.022
21.86,83.967
22.318,82.534
15.178,76.671
20.995,86.017
20.998,86.012
27.031,94.888
27.726,84.816
29.477,76.856
23.553,87.242
23.664,85.001
23.823,85.464
24.161,82.674
26.76,83.202
26.761,83.197
20.962,85.161
20.973,85.132
21.0,86.012
21.066,85.035
21.07,85.036
21.857,83.966
22.316,82.526
22.593,85.907
18.803,74.257
19.105,82.166
24.824,73.093
19.102,73.05
19.095,82.172
24.192,82.581
27.377,95.09
27.471,95.424
27.607,95.399
29.263,91.924
23.674,86.107
23.744,86.421
23.928,85.343
24.19,82.581
20.978,85.143
21.736,83.982
22.205,84.868
22.209,84.868
22.38,87.286
17.607,83.2
16.873,80.02
16.877,80.119
27.666,76.128
29.473,76.859
29.474,76.856
20.994,86.015
21.92,83.356
29.475,76.862
27.034,94.89
27.463,95.474
24.191,82.581
24.208,82.522
20.984,85.125
21.379,81.637
21.487,81.764
21.923,83.356
22.001,82.667
22.782,86.201
23.665,84.996
23.668,86.418
23.694,86.077
23.735,85.006
23.829,85.501
17.61,83.199
13.16,80.278
31.617,74.371
32.201,74.222
28.73,77.158
29.476,76.859
22.313,82.531
24.158,82.673
27.08,73.816
20.704,78.624
21.49,81.769
21.792,72.649
13.001,74.851
13.005,74.85
29.476,76.86
24.868,92.021
20.787,85.255
22.209,84.873
23.671,86.422
23.749,86.415
23.763,86.405
20.804,85.254
29.477,76.859
31.251,76.929
22.364,87.021
22.876,86.065
23.515,87.271
23.552,86.546
23.616,86.794
23.619,86.79
23.75,86.423
23.766,86.404
23.808,86.332
23.814,84.848
24.143,82.564
24.208,82.528
21.349,81.668
21.679,84.042
21.759,84.026
21.778,83.832
21.858,83.968
21.859,83.968
22.047,83.732
22.057,85.467
19.101,82.167
19.106,82.168
15.024,78.016
15.188,76.661
15.171,76.67
20.761,85.295
23.78,86.212
23.802,86.333
27.728,84.815
23.675,86.399
23.676,86.396
23.676,86.394
23.771,86.399
24.141,82.566
24.159,82.672
26.267,74.187
26.761,83.205
20.968,85.155
21.86,83.966
21.86,83.968
22.103,83.116
22.135,85.383
22.321,82.566
22.327,82.602
22.333,82.649
24.58,74.801
19.103,82.165
15.18,76.674
20.793,85.26
20.973,86.009
21.922,83.356
23.684,86.086
27.459,95.477
27.464,95.478
27.603,95.399
20.76,85.296
20.761,85.292
20.801,85.26
20.955,85.005
20.962,85.147
20.974,85.138
21.753,84.026
21.78,83.833
21.857,83.968
22.206,84.867
22.313,84.767
22.322,82.566
23.164,82.341
23.628,86.291
23.662,85.002
23.778,86.398
24.142,82.567
24.761,74.608
18.679,73.043
19.101,73.05
32.088,74.164
24.664,74.632
29.263,91.922
24.87,92.024
21.729,82.214
22.32,82.566
22.327,82.654
22.632,86.177
23.508,87.278
23.663,85.001
23.676,86.089
23.676,86.397
23.724,86.447
23.744,85.503
23.76,86.418
23.77,86.398
23.81,84.846
19.924,79.112
20.997,86.013
21.197,81.418
18.693,73.037
18.696,73.04
26.086,93.951
23.814,84.846
20.889,84.978
21.192,81.411
21.377,81.637
21.489,81.766
32.717,72.777
32.723,72.925
29.46,76.889
24.159,82.674
27.079,73.819
21.488,81.772
22.334,82.648
18.805,74.256
21.1,72.651
27.375,95.089
22.381,87.277
20.955,86.045
20.955,86.048
25.416,86.025
25.417,86.027
26.878,73.513
28.272,77.272
20.967,85.164
20.97,85.153
22.247,87.386
24.138,82.568
24.139,82.561
24.141,82.562
24.144,82.563
24.162,82.673
19.104,82.17
13.002,74.852
24.14,82.567
25.415,86.028
27.033,94.89
27.38,95.087
31.252,76.927
32.719,72.776
25.419,86.026
28.727,77.157
24.141,82.563
24.16,82.672
24.205,80.8
24.577,74.802
19.106,82.167
14.605,78.523
15.524,73.995
32.719,72.771
24.565,81.003
20.705,78.622
21.238,79.234
18.694,73.037
15.18,76.673
23.514,87.275
20.997,86.014
21.178,81.386
21.236,79.628
21.238,79.231
21.773,83.82
21.861,83.966
22.214,84.877
22.317,82.567
22.321,82.568
22.325,82.6
22.328,82.606
29.46,76.891
20.89,84.984
29.462,76.889
23.56,87.083
23.63,86.296
23.665,85.001
23.672,86.417
23.771,86.402
23.771,86.398
23.774,86.196
23.823,85.462
24.158,82.672
24.208,82.524
25.415,86.026
20.763,85.291
20.981,85.145
21.194,81.395
22.056,85.463
22.2,84.578
22.317,82.568
22.317,82.565
22.781,86.204
23.163,82.341
19.092,82.169
19.103,82.164
32.72,72.922
29.224,88.349
23.485,87.364
23.663,84.997
23.671,86.417
23.674,86.106
23.77,86.197
23.772,86.397
23.817,84.844
20.783,85.263
20.961,86.005
22.323,82.567
23.664,84.996
29.223,88.35
29.458,76.889
29.462,76.89
21.873,83.496
21.923,83.34
22.321,82.56
22.325,82.598
23.162,82.338
23.676,86.103
23.706,86.069
23.782,86.203
23.783,86.337
23.8,86.327
24.138,82.57
24.14,82.562
24.579,74.806
26.878,73.512
18.802,74.258
12.849,79.905
12.851,79.903
20.794,85.261
22.032,83.748
22.327,82.599
22.328,82.604
22.363,87.012
29.224,88.35
23.562,87.234
23.563,87.23
23.651,85.567
23.671,86.092
23.771,86.397
24.139,82.571
24.14,82.563
21.196,81.397
22.03,83.745
22.105,83.117
22.208,84.864
22.209,84.858
22.321,82.564
22.327,82.598
15.024,78.017
19.104,82.169
27.604,95.399
29.475,76.855
23.678,86.105
21.239,79.234
21.24,81.386
21.764,84.026
21.772,84.023
22.317,82.566
22.32,82.567
22.321,82.563
22.324,82.568
22.376,87.277
18.684,73.027
19.104,82.164
19.109,73.052
19.936,73.712
14.875,78.05
15.184,76.638
15.333,76.283
15.337,76.275
22.793,86.206
24.16,82.675
31.26,76.921
23.664,86.915
23.685,87.121
23.772,86.398
21.194,81.398
21.817,83.995
22.169,85.435
22.267,75.13
22.31,82.527
22.313,82.532
22.319,82.568
22.32,82.564
22.326,82.6
23.666,86.421
23.732,85.019
23.809,84.849
23.824,85.462
24.155,82.672
24.191,82.579
24.659,74.629
19.104,82.167
20.695,78.638
21.101,72.63
15.15,76.708
15.186,76.64
15.337,76.274
29.459,76.891
29.478,76.859
20.998,86.013
26.647,79.475
20.965,85.132
21.073,85.04
22.106,83.118
22.218,84.881
22.321,82.558
23.77,86.383
23.772,86.399
23.821,85.498
24.193,82.58
19.104,82.166
20.761,85.296
13.163,80.285
26.637,79.482
26.638,79.476
26.641,79.483
26.643,79.484
13.005,74.851
19.088,82.161
23.674,86.089
23.816,84.849
21.764,83.841
21.771,84.016
21.922,83.345
22.107,83.117
22.132,85.38
22.317,82.564
22.318,82.559
22.324,82.565
23.666,86.091
23.725,85.005
23.796,86.341
23.829,85.499
23.928,85.342
20.796,85.25
20.83,86.961
20.967,86.004
21.311,81.588
26.644,79.483
22.042,83.727
22.102,83.116
22.334,82.649
19.105,82.167
15.656,73.99
15.338,76.277
22.324,82.602
22.376,87.276
22.591,85.9
23.553,87.238
28.27,77.275
21.793,83.989
21.859,83.965
21.929,83.347
22.035,83.361
22.039,83.732
22.213,84.876
22.312,82.531
22.313,82.526
22.314,82.527
22.317,82.532
22.328,82.6
15.173,76.666
15.181,76.663
15.184,76.645
15.186,76.658
13.005,74.852
19.103,82.17
23.762,86.405
23.804,86.334
20.822,86.963
21.76,84.018
22.209,84.869
22.329,82.652
23.664,86.923
23.668,86.924
23.68,86.104
24.529,81.168
19.099,73.053
19.102,82.171
19.103,82.167
20.698,78.636
15.167,76.669
15.168,76.665
20.822,86.964
20.996,86.016
22.326,82.604
29.223,88.349
29.91,74.942
22.369,87.304
19.092,82.168
19.1,82.166
19.103,82.166
20.995,86.015
24.818,73.093
20.822,86.965
22.326,82.601
29.225,88.349
29.264,91.927
22.21,84.856
23.768,86.405
23.774,86.367
23.803,86.333
23.809,84.845
23.824,85.465
23.981,90.637
19.101,82.168
20.821,86.964
20.962,86.05
20.995,86.014
21.07,85.043
21.191,81.419
21.192,81.414
21.243,79.225
21.857,83.967
22.311,82.529
22.32,82.565
15.179,76.679
26.639,79.481
26.639,79.482
26.646,79.484
22.044,83.739
22.105,83.526
23.798,87.075
23.786,86.211
26.642,79.471
29.225,88.348
23.759,85.851
23.794,87.073
21.376,81.676
21.39,81.643
22.106,83.521
19.104,82.165
29.458,76.89
31.26,76.925
24.139,82.562
28.271,77.273
29.122,75.78
21.484,81.767
21.728,82.216
21.728,82.215
21.927,83.343
24.142,82.562
15.184,76.657
23.672,86.421
23.813,84.845
20.887,84.978
20.963,85.162
20.999,86.01
21.68,84.034
29.224,88.348
29.228,88.349
32.085,74.165
32.085,74.161
20.973,85.177
21.733,82.216
21.761,84.026
21.934,85.221
22.038,83.735
22.106,83.524
22.324,82.6
22.325,82.597
23.671,86.117
24.136,82.57
24.139,82.57
20.783,85.262
21.243,79.231
21.313,81.592
21.381,81.641
13.162,80.287
15.657,73.991
22.327,82.601
22.105,83.525
22.312,82.53
22.315,82.536
22.318,82.564
22.319,82.515
22.327,82.6
23.777,86.398
23.99,79.395
24.143,82.563
19.093,82.167
19.101,82.169
20.971,86.012
21.823,83.896
21.876,83.557
19.105,82.165
22.324,82.601
31.618,74.372
23.509,87.277
23.692,87.126
23.77,86.405
23.808,84.845
23.811,84.846
26.64,79.474
20.698,78.638
20.82,86.963
20.999,86.011
21.074,85.035
21.192,81.198
22.105,83.524
22.317,82.515
22.32,82.562
22.324,82.562
22.326,82.589
19.099,82.168
15.025,78.014
23.55,86.543
23.742,85.504
23.821,85.493
23.825,85.465
21.858,83.966
21.98,83.238
22.038,83.74
22.104,83.526
22.316,82.517
22.325,82.602
17.148,78.221
15.153,76.709
23.164,82.343
23.69,90.512
23.763,86.389
23.773,86.398
21.249,79.221
22.107,83.522
22.328,82.602
19.101,82.166
31.257,76.926
32.089,74.162
32.104,74.173
32.297,74.316
27.081,73.816
29.227,88.35
26.793,94.688
20.961,86.002
20.967,86.007
21.0,86.011
21.083,85.033
32.084,74.165
24.713,74.672
18.678,73.041
25.416,86.029
29.261,91.923
22.362,87.013
24.762,74.607
17.139,77.186
19.02,72.892
15.314,76.254
15.522,73.999
27.724,84.817
29.462,76.888
22.205,84.853
22.205,84.855
22.632,86.179
19.103,73.05
14.605,78.522
15.177,76.672
22.327,82.603
29.46,76.885
29.46,76.864
24.867,92.021
27.727,84.815
22.105,83.521
22.131,85.384
22.21,84.87
22.314,84.768
22.316,82.516
22.325,82.603
23.662,84.998
23.677,86.394
23.735,85.008
23.753,86.398
21.379,81.678
14.871,78.052
15.173,76.374
15.174,76.374
17.533,82.999
14.876,78.05
29.46,76.89
26.876,73.513
18.688,73.051
22.632,86.178
22.796,86.089
23.561,87.081
19.094,82.171
19.095,82.166
20.953,86.045
21.001,86.014
21.194,81.412
21.197,81.414
21.379,81.677
27.666,76.132
22.205,84.846
15.527,73.995
22.324,82.599
29.375,91.151
26.784,94.669
27.266,95.125
27.464,95.475
22.363,87.297
22.366,87.013
23.482,87.365
23.55,87.241
20.963,86.048
22.004,82.674
22.363,87.304
22.871,86.064
18.679,73.045
13.005,74.849
19.094,82.169
22.034,83.746
22.045,83.74
22.106,83.526
22.319,82.517
29.262,91.921
26.783,94.67
27.464,95.474
27.263,95.125
27.461,95.473
27.467,95.423
29.461,76.887
20.969,86.001
21.86,83.965
22.101,83.116
22.104,83.523
22.311,82.527
22.325,82.599
23.163,82.342
23.164,82.338
23.56,87.085
23.752,86.397
23.778,86.203
23.779,86.399
19.785,79.15
20.981,85.136
21.181,81.382
21.364,81.684
15.177,76.665
20.8,85.261
22.244,87.392
22.103,83.524
22.106,83.525
22.215,84.841
22.32,82.563
22.324,82.536
22.326,82.602
23.548,86.542
23.615,86.863
23.64,85.397
23.663,85.552
23.675,86.398
23.675,86.394
23.694,86.081
23.753,86.397
23.755,86.406
23.792,87.075
20.828,86.963
20.832,86.964
21.069,85.034
21.188,81.199
21.771,83.824
21.819,83.996
21.858,83.965
22.101,83.115
23.795,87.073
23.805,86.321
20.978,85.14
21.299,81.604
21.733,83.979
21.773,83.827
22.036,83.348
22.044,83.728
22.102,83.117
22.106,83.522
22.321,82.565
19.101,82.17
29.462,76.891
26.638,79.479
24.603,73.817
24.658,74.635
24.659,74.636
24.819,73.096
18.689,73.051
20.794,85.258
19.02,72.894
29.377,91.153
24.19,82.58
26.647,79.474
20.883,84.984
20.995,86.012
20.998,86.015
20.998,86.01
20.999,86.013
21.243,79.226
21.313,81.59
21.349,81.666
22.042,83.729
22.103,83.522
22.213,84.838
19.104,82.163
28.793,77.148
22.315,82.515
22.33,82.6
18.68,73.045
22.043,83.728
23.778,86.348
20.947,86.047
21.0,86.009
22.372,87.303
21.678,84.042
21.875,83.553
21.926,85.222
22.032,83.743
22.041,83.728
22.106,83.523
22.316,82.515
22.325,82.601
22.326,82.594
22.796,86.088
24.137,82.57
26.871,73.519
20.963,86.01
21.363,81.678
21.376,81.645
21.67,82.081
18.802,74.259
15.183,76.652
31.617,74.372
32.084,74.159
27.724,84.816
23.764,86.404
23.77,86.399
23.777,86.204
24.204,80.799
20.886,84.978
20.994,86.017
20.996,86.011
21.099,72.637
21.773,83.826
22.105,83.523
22.314,82.738
22.316,82.74
22.327,82.596
22.315,82.74
23.793,87.075
23.803,86.323
20.759,85.296
20.783,85.265
21.772,83.826
22.045,83.728
22.103,83.523
22.312,82.527
19.102,82.165
22.104,83.524
21.101,72.648
29.374,91.15
23.481,87.363
23.484,87.363
23.63,86.297
23.742,85.505
23.767,86.383
23.793,87.076
22.962,85.996
15.175,76.786
32.088,74.163
29.657,90.9
23.677,86.089
20.981,85.135
22.038,83.734
26.525,90.532
20.758,85.293
20.995,86.013
21.073,85.039
21.77,84.016
22.319,82.516
22.371,87.304
24.603,73.818
21.729,82.215
21.793,72.648
18.679,73.036
19.103,73.056
20.98,85.138
20.997,86.017
22.875,86.066
22.317,82.516
13.002,74.849
19.094,82.17
20.951,86.052
21.795,72.649
21.795,72.646
26.794,94.689
27.46,95.478
29.226,88.349
23.69,87.112
23.719,86.439
23.794,87.075
24.563,81.004
26.639,79.48
26.64,79.476
20.82,86.964
20.862,84.992
20.952,85.007
21.071,85.04
21.191,81.198
21.238,81.387
21.365,81.654
22.029,83.366
22.034,83.748
22.035,83.743
22.061,88.124
22.107,83.523
22.204,84.845
22.312,82.532
22.318,82.517
22.324,82.587
22.326,82.595
22.374,87.281
24.761,74.609
19.093,82.169
15.189,76.658
20.821,86.966
26.795,94.688
27.375,95.086
29.462,76.886
20.821,86.967
20.821,86.963
20.832,86.961
20.967,85.157
20.98,85.141
21.752,84.025
22.049,88.102
22.322,82.588
22.322,82.562
22.377,87.276
22.807,86.088
23.673,86.401
23.705,86.07
23.74,86.425
23.766,86.371
23.794,87.074
20.243,86.607
15.657,73.986
20.982,85.131
22.063,88.122
22.067,88.121
27.463,95.479
26.644,79.473
22.029,83.742
22.033,83.36
22.104,83.522
22.212,84.859
22.321,82.589
22.323,82.568
22.328,82.654
22.329,82.601
23.548,87.246
23.558,87.248
23.671,86.416
23.82,85.495
20.82,86.965
20.831,86.962
20.971,85.153
20.978,85.127
20.982,85.128
21.248,79.22
21.312,81.588
17.532,82.998
26.642,79.483
20.819,86.965
20.833,86.962
23.603,87.153
26.647,79.482
29.378,91.153
22.063,88.118
22.067,88.118
22.107,83.519
22.226,84.749
22.326,82.588
22.871,86.06
23.169,82.335
23.634,86.295
23.675,86.397
23.678,86.098
19.102,82.162
20.762,85.29
20.89,84.977
20.98,85.128
21.002,86.012
21.073,85.038
21.193,81.413
21.194,81.394
21.196,81.41
21.198,81.391
21.31,81.587
21.373,81.678
21.917,83.348
22.202,84.849
22.317,82.531
23.166,82.336
22.067,88.115
22.36,87.014
23.676,86.082
23.716,86.439
20.243,86.6
20.244,86.6
20.834,86.961
20.885,84.977
29.226,88.347
32.298,74.315
23.641,85.397
23.76,85.859
27.668,76.132
20.969,85.148
20.979,85.128
20.98,85.129
21.82,83.996
21.923,83.339
22.031,83.36
22.104,83.525
22.105,83.522
22.323,82.588
23.163,82.34
15.178,76.66
15.186,76.656
19.105,82.17
20.784,85.269
20.981,85.13
22.327,82.53
23.699,90.53
26.64,79.48
27.726,84.814
28.794,77.151
20.83,86.963
21.778,83.829
22.046,83.728
22.103,83.525
23.702,86.07
20.698,78.635
20.762,85.296
15.167,76.382
15.333,76.247
20.8,85.26
20.833,86.965
20.97,85.155
20.982,85.142
20.996,86.015
20.999,86.015
32.088,74.16
27.725,84.817
28.348,77.229
22.018,83.754
22.32,82.516
22.321,82.559
22.324,82.567
22.326,82.599
23.561,87.082
23.635,86.302
23.642,85.398
23.673,86.4
23.735,86.434
23.795,87.074
24.766,74.606
19.102,82.167
21.241,81.385
21.731,83.985
18.689,73.041
19.099,73.054
12.85,79.904
14.875,78.054
15.149,76.709
32.088,74.167
32.101,74.172
18.861,72.929
29.264,91.925
29.375,91.15
22.91,86.072
23.674,86.4
23.686,86.082
23.737,86.432
23.742,85.506
19.102,82.168
20.958,85.007
21.232,79.626
21.734,83.982
22.017,83.752
22.322,82.559
22.322,82.589
22.323,82.587
22.326,82.598
15.914,77.361
17.064,76.976
15.177,76.671
15.191,76.657
31.257,76.924
32.086,74.165
27.078,73.816
20.821,86.965
29.659,90.901
22.591,85.902
23.737,86.434
23.778,86.349
20.822,86.966
20.831,86.963
20.961,86.051
20.981,85.141
20.998,86.014
21.07,85.039
21.243,79.224
21.878,83.493
22.039,83.731
22.103,83.123
17.533,83.001
22.327,82.595
15.307,76.252
20.829,86.961
20.83,86.966
20.833,86.961
23.67,86.417
23.687,87.117
23.718,86.438
23.737,86.43
23.772,86.382
20.832,86.963
20.887,84.976
20.962,86.004
20.969,86.0
21.072,85.037
22.042,83.728
22.05,88.122
22.798,86.086
31.615,74.374
32.083,74.163
32.103,74.171
28.346,77.231
21.774,83.829
21.775,83.827
22.036,83.745
22.038,83.737
22.04,83.729
22.327,82.597
23.163,82.339
23.164,82.335
23.781,86.34
21.191,81.394
15.174,76.664
13.897,76.566
22.046,83.731
22.324,82.69
22.321,82.686
19.099,82.166
20.997,86.015
21.732,83.986
21.776,83.827
21.858,83.967
13.713,79.625
15.18,76.644
19.096,82.171
21.981,83.241
22.324,82.589
22.325,82.688
23.736,86.432
23.165,82.336
23.642,85.396
21.07,85.042
21.076,85.03
21.19,81.2
21.543,81.945
22.32,82.558
22.324,82.597
19.092,82.17
19.092,82.167
15.167,76.665
22.326,82.689
29.907,74.939
27.533,95.399
27.534,95.398
28.348,77.232
23.671,86.116
20.865,84.998
20.974,85.133
22.323,82.589
23.628,86.29
23.673,86.111
23.681,86.086
23.793,87.074
24.205,82.713
20.243,86.605
26.64,79.482
18.69,73.049
20.829,86.964
20.834,86.962
19.095,82.171
22.321,82.687
32.085,74.168
32.089,74.165
32.089,74.161
28.347,77.229
22.107,83.525
22.322,82.685
23.164,82.336
26.871,73.516
19.094,82.172
21.102,72.654
22.799,86.211
29.223,88.348
29.378,91.149
22.38,87.275
26.522,90.536
28.348,77.23
22.376,87.275
23.165,82.337
23.604,87.15
23.806,86.32
24.136,82.571
20.781,85.256
20.783,85.257
22.045,83.727
22.264,75.136
22.313,82.527
22.321,82.587
22.325,82.588
12.852,79.903
12.855,79.908
12.856,79.904
26.524,90.529
27.602,95.401
27.608,95.399
22.476,91.733
23.63,86.288
23.673,86.11
23.737,86.433
23.78,86.399
23.781,86.376
23.788,86.337
23.821,85.495
24.865,92.023
21.241,81.387
21.779,83.829
22.044,83.738
22.321,82.561
23.989,79.394
24.243,78.162
17.532,83.0
19.094,82.168
20.872,84.994
20.972,85.178
22.325,82.69
22.875,86.065
23.735,86.432
23.735,86.435
27.316,95.263
27.375,95.084
22.062,88.123
22.242,87.387
22.322,82.674
32.085,74.16
32.089,74.166
20.981,85.142
23.738,86.435
21.101,72.64
32.09,74.168
26.644,79.476
20.966,85.149
20.976,85.129
23.548,87.248
23.675,86.404
23.773,86.396
23.79,87.077
23.813,84.849
17.534,83.001
18.69,73.05
27.461,95.479
29.224,88.347
26.793,94.691
22.322,82.586
23.678,86.404
23.735,86.431
32.104,74.174
31.251,76.931
21.373,81.681
21.385,81.658
15.187,76.652
22.322,82.59
29.26,91.923
29.377,91.149
29.373,91.149
29.378,91.148
22.102,83.525
22.363,73.114
19.099,73.051
25.415,86.029
31.249,76.926
20.942,86.062
19.02,72.89
20.975,85.13
23.673,86.936
23.737,86.435
21.921,83.357
23.165,82.345
22.312,82.74
23.629,86.293
23.674,86.405
23.735,86.43
23.801,87.055
23.806,84.843
24.145,86.33
32.088,74.162
29.453,76.87
19.02,72.891
22.063,88.121
18.687,73.042
19.021,72.895
27.368,94.894
23.805,84.842
20.883,84.985
32.09,74.165
32.132,74.176
32.296,74.312
22.324,82.689
29.262,91.926
29.264,91.926
22.362,87.299
32.086,74.166
32.102,74.174
26.296,74.124
26.876,73.512
22.051,88.12
22.065,88.125
22.311,82.528
22.326,82.586
29.374,91.148
32.294,74.313
28.794,77.15
23.734,86.431
19.096,82.168
19.021,72.889
17.615,83.204
19.106,82.166
20.794,85.262
20.967,86.005
20.971,86.009
21.795,72.648
22.047,83.73
22.06,88.126
22.108,83.525
22.803,86.093
23.678,86.089
23.679,86.404
23.737,86.437
23.739,86.434
23.767,86.404
27.376,95.085
27.458,95.473
32.296,74.311
26.76,83.207
21.731,83.987
22.314,82.74
22.319,82.561
23.733,86.435
23.767,86.371
23.789,87.077
19.091,82.168
21.075,85.033
21.541,81.946
15.185,76.64
23.677,86.404
22.318,82.562
23.164,82.344
23.807,84.842
20.954,85.01
21.238,81.386
22.315,82.517
22.364,73.117
26.794,94.691
22.91,86.071
23.169,82.337
23.675,86.395
23.736,86.436
23.773,86.367
23.781,86.341
22.317,82.562
32.721,72.922
29.266,91.925
23.68,86.089
23.726,86.447
23.738,86.432
23.776,86.197
20.953,85.01
32.084,74.167
23.735,86.433
23.736,86.435
23.781,86.202
23.794,86.346
21.927,85.218
21.794,72.649
29.261,91.926
29.225,88.353
26.759,83.203
28.348,77.233
21.186,81.394
29.226,88.354
22.368,87.305
22.589,85.909
23.563,87.232
23.683,86.101
23.699,86.079
23.703,86.078
23.736,86.438
23.757,85.858
23.783,86.399
23.824,85.504
23.989,79.395
24.568,81.006
19.095,82.17
19.105,82.172
19.967,79.337
20.953,86.052
21.392,81.648
21.733,82.215
21.82,83.897
21.987,83.235
22.041,83.743
22.045,83.739
22.108,83.123
22.319,82.563
22.323,82.559
15.025,78.017
20.783,85.266
20.951,85.014
20.975,85.147
23.673,86.404
23.674,86.09
23.734,86.433
23.754,86.406
23.773,86.214
23.8,86.331
22.366,87.305
22.381,87.284
22.794,86.213
22.802,86.207
23.171,82.348
23.172,82.344
23.618,86.794
23.683,86.1
23.687,86.097
23.69,87.125
23.69,86.395
23.693,87.126
23.723,86.444
23.743,85.012
23.748,85.51
23.766,86.405
23.773,86.406
23.779,86.369
23.78,86.214
23.782,86.35
23.787,86.212
23.791,86.336
23.809,86.331
20.804,85.262
20.807,85.262
20.868,84.997
20.971,86.015
21.081,85.045
21.25,79.226
21.773,84.025
21.823,83.899
21.923,83.355
21.926,83.356
21.927,83.352
22.107,83.126
22.11,83.123
22.216,84.863
17.614,83.208
19.106,82.172
13.165,80.287
15.179,76.66
15.186,76.645
23.686,87.124
23.673,86.405
23.558,87.246
23.678,86.406
23.682,86.402
23.687,86.398
23.743,85.014
23.761,85.861
23.766,86.406
23.778,86.367
23.782,86.399
23.79,86.338
23.795,86.36
20.796,85.261
20.808,85.262
20.873,84.999
20.891,84.985
20.974,85.178
21.082,85.042
21.199,81.421
21.675,82.086
21.683,84.046
21.758,84.028
21.92,83.357
21.933,85.226
22.362,87.296
22.373,87.305
22.38,87.284
22.805,86.093
29.903,74.957
29.907,74.958
32.089,74.168
18.683,73.045
22.325,82.565
22.355,82.293
22.355,82.296
22.356,82.304
23.805,87.044
24.157,82.674
26.76,83.206
27.46,95.474
27.468,95.419
22.912,86.073
23.164,82.337
23.614,86.863
23.627,86.29
23.695,85.29
23.698,85.291
23.732,86.439
23.772,86.361
23.78,86.339
24.121,86.858
24.157,82.676
25.31,83.014
20.865,84.988
21.179,81.381
21.714,84.042
21.775,83.828
21.777,83.837
21.781,83.837
21.782,83.833
21.888,82.051
22.029,83.368
22.04,83.73
22.046,83.739
22.109,83.527
22.204,84.85
22.217,84.755
22.31,82.529
22.325,82.562
22.329,82.605
22.354,82.296
22.354,82.293
22.356,82.301
22.359,82.305
22.36,82.301
22.367,73.114
17.584,80.319
19.099,82.167
13.391,80.102
13.898,76.567
14.873,78.051
15.167,76.674
15.179,76.668
15.182,76.678
15.915,77.364
21.782,83.837
22.205,84.86
22.353,82.296
24.158,82.671
24.159,82.676
26.059,93.895
26.086,93.952
27.26,95.149
29.224,88.354
23.487,87.369
23.677,86.093
23.688,87.124
23.696,85.293
23.696,85.289
23.733,86.437
23.76,85.863
23.764,86.406
23.773,86.196
23.78,86.342
23.781,86.338
23.794,87.077
23.809,84.843
23.837,84.947
24.121,86.859
24.156,82.674
24.156,82.673
24.161,82.669
25.31,83.015
20.76,85.297
20.965,85.193
20.966,85.162
20.967,86.009
20.968,86.021
20.969,85.02
20.981,85.129
20.983,85.141
21.195,81.396
21.675,84.042
21.713,84.042
21.779,83.832
21.821,83.998
21.861,83.968
21.982,83.241
22.043,83.741
22.09,88.11
22.099,84.375
22.107,83.524
22.108,83.124
22.167,85.434
22.217,84.756
22.22,84.756
22.262,75.132
22.355,82.306
22.355,82.301
22.356,82.296
22.358,82.307
22.359,82.302
22.363,82.303
22.363,82.302
22.8,86.203
17.692,83.244
26.261,74.096
22.268,75.134
24.693,73.004
22.365,73.119
20.868,84.998
24.157,82.673
23.563,87.086
23.69,86.393
23.691,90.514
23.696,85.29
23.722,86.438
23.73,86.44
23.731,86.432
23.761,85.862
23.769,86.374
23.806,84.841
23.81,84.848
23.81,84.843
23.841,84.949
24.115,86.862
24.12,86.86
24.12,86.859
24.146,86.333
24.158,82.675
26.085,93.951
20.961,85.162
20.964,86.014
20.998,86.011
21.002,86.011
21.198,81.395
21.312,81.589
21.364,81.682
21.684,84.04
21.733,83.982
21.752,84.023
21.783,83.836
21.783,83.837
22.041,83.729
22.045,83.741
22.216,84.754
22.221,84.761
22.326,82.688
22.356,82.292
22.36,82.304
22.818,86.086
22.819,86.089
17.612,83.207
17.808,78.431
19.1,82.168
19.105,82.169
19.966,79.332
15.139,76.708
15.961,80.938
15.963,80.938
12.853,79.904
27.67,76.131
24.935,74.637
26.607,73.686
26.929,73.47
22.366,73.119
19.091,82.17
22.041,83.727
22.359,82.303
20.888,84.977
20.946,86.05
20.999,86.012
21.197,81.413
21.531,86.833
22.009,82.668
22.009,82.67
22.248,87.389
22.353,82.289
22.37,87.017
22.476,91.737
23.61,86.79
23.676,86.106
23.691,86.391
23.762,85.861
23.778,86.342
23.811,84.845
23.84,84.951
23.84,84.947
32.205,74.22
23.67,86.923
23.672,86.11
23.761,85.857
24.659,73.878
26.257,74.096
26.604,73.686
19.107,82.169
19.922,79.116
20.764,85.294
20.964,86.015
20.983,85.136
20.995,86.016
21.301,81.609
21.775,83.833
21.778,83.834
21.923,83.341
22.041,83.354
22.046,83.738
22.11,83.526
22.313,82.533
22.325,82.564
22.326,82.559
22.353,82.29
22.354,82.304
22.355,82.304
22.355,82.295
22.356,82.3
22.357,82.296
22.361,82.306
22.362,82.302
17.586,80.318
15.341,76.278
20.971,86.013
22.358,82.305
23.762,85.859
22.374,87.279
23.689,87.117
28.742,76.931
28.793,77.151
22.365,87.021
22.369,87.02
23.68,86.101
23.696,85.288
23.726,85.525
23.735,86.436
23.762,85.86
23.765,86.405
23.77,86.406
23.773,86.366
23.777,86.348
24.714,75.955
26.877,73.518
27.668,76.135
20.798,85.256
20.97,86.02
20.971,86.016
20.972,86.012
21.673,82.085
21.774,83.832
22.04,83.35
22.047,83.733
22.109,83.526
22.315,82.526
22.326,82.561
22.355,82.297
22.358,82.306
23.163,82.336
18.68,73.046
15.025,78.016
15.153,76.71
15.17,76.672
23.514,87.278
23.675,86.405
23.732,86.44
23.791,86.373
23.812,84.844
24.12,86.858
20.957,85.01
20.967,85.151
20.971,85.152
20.973,85.137
21.345,81.671
21.773,83.825
21.775,83.834
21.779,83.835
21.78,83.83
22.059,88.128
22.06,88.125
22.108,83.526
22.354,82.297
22.356,82.305
22.357,82.301
22.36,82.306
22.36,82.302
23.165,82.335
17.585,80.318
19.093,82.17
19.097,82.167
19.1,82.167
15.333,76.25
15.333,76.246
21.922,83.343
22.354,82.294
20.76,85.298
20.965,86.049
21.366,81.684
21.385,81.655
21.532,86.834
21.715,84.04
21.735,83.981
21.773,84.023
21.774,83.83
21.78,83.835
21.784,83.836
21.82,83.995
21.823,83.996
21.929,83.342
22.051,88.129
22.108,83.524
22.202,84.845
22.219,84.756
22.226,84.754
22.353,82.295
22.356,82.295
22.363,82.301
22.91,86.073
23.697,85.29
23.757,85.861
15.005,76.999
15.013,76.898
15.022,78.017
15.914,77.364
15.962,80.94
31.652,74.178
23.765,86.404
26.644,79.475
28.743,76.925
22.03,83.367
22.031,83.742
22.106,83.124
22.11,83.525
22.319,82.537
22.912,86.07
23.661,85.001
23.67,84.998
23.68,86.388
23.736,86.434
23.771,86.405
23.783,86.34
23.807,84.841
23.826,85.496
23.84,84.948
24.119,86.858
24.157,82.669
24.157,82.67
24.328,81.327
19.725,79.176
20.954,85.016
20.967,86.048
20.969,85.179
20.971,86.02
17.613,83.204
12.854,79.904
13.392,80.103
28.743,76.929
29.456,76.87
31.653,74.176
19.924,79.116
22.366,73.12
24.69,73.005
18.695,73.041
23.767,86.406
26.763,83.197
22.358,82.292
22.781,86.203
22.964,85.998
23.723,85.523
23.732,86.436
23.738,86.434
23.761,85.863
23.777,86.345
23.82,85.494
24.115,86.86
24.148,86.331
20.955,85.016
20.962,85.162
20.987,85.126
21.389,81.643
21.491,81.768
21.532,86.832
21.676,82.08
13.163,80.281
28.729,77.157
26.259,74.098
26.763,83.201
21.77,84.025
21.776,83.831
21.782,83.834
21.821,83.995
22.04,83.728
22.354,82.291
22.358,82.303
22.361,82.302
22.365,73.117
19.102,82.163
15.12,76.812
15.18,76.676
15.336,76.276
22.794,86.21
15.181,76.678
20.997,86.016
22.353,82.294
23.563,87.236
23.693,86.386
23.774,86.195
23.779,86.341
20.794,85.249
20.965,86.002
23.692,86.39
23.697,87.124
23.735,86.438
23.736,86.433
23.782,86.398
25.311,83.015
26.607,73.685
27.669,76.135
20.969,86.02
20.971,85.155
20.974,85.136
20.996,86.012
21.081,85.043
21.345,81.67
21.376,81.683
21.392,81.65
21.489,81.772
21.672,82.085
21.674,84.042
21.774,83.834
21.775,83.831
21.78,83.832
21.781,83.829
22.034,83.366
22.046,83.737
22.048,83.73
22.357,82.294
22.36,82.3
22.377,87.284
24.158,82.67
24.605,73.817
17.615,83.205
19.938,73.713
15.024,78.018
15.964,80.941
17.584,80.318
18.687,73.033
13.161,80.289
20.949,86.051
22.107,83.526
22.353,82.292
26.085,93.95
25.312,83.015
21.675,84.041
21.733,83.988
21.762,84.028
21.775,83.832
21.779,83.833
22.105,83.528
22.11,83.524
22.313,82.525
22.316,84.77
22.354,82.292
22.359,82.306
22.593,85.908
23.561,87.086
23.562,87.243
23.643,85.399
23.698,85.29
24.161,82.67
24.597,80.862
24.824,73.092
19.096,82.17
19.103,82.171
20.762,85.297
20.953,86.051
20.965,85.192
20.966,86.008
20.97,85.156
20.972,85.136
21.179,81.38
21.191,81.395
21.366,81.685
21.376,81.644
21.577,82.025
15.962,80.939
16.873,80.024
17.066,76.979
17.141,77.175
18.687,73.035
15.006,76.999
27.609,95.403
27.38,95.088
22.378,87.289
22.59,85.908
23.731,86.438
23.738,86.436
23.777,86.367
23.783,86.212
24.118,86.861
24.121,86.862
19.098,82.168
20.923,86.042
20.97,86.018
20.972,85.135
21.371,81.687
21.714,84.041
21.777,83.835
21.781,83.836
21.88,83.548
22.042,83.741
22.106,83.527
22.357,82.306
22.357,82.302
17.584,80.317
15.18,76.678
29.907,74.954
31.655,74.179
20.998,86.016
23.56,87.233
23.485,87.365
23.623,85.655
23.663,86.914
23.674,86.112
23.685,86.386
24.119,86.86
24.157,82.672
25.311,83.012
19.924,79.113
20.961,86.011
20.964,85.16
21.194,81.396
21.366,81.686
21.379,81.683
22.042,83.742
22.087,88.111
22.09,88.111
22.104,83.527
22.108,83.527
22.311,82.531
22.355,82.291
15.963,80.937
18.806,74.26
19.105,82.164
15.003,76.999
15.015,76.898
29.127,75.78
26.26,74.096
22.268,75.135
18.693,73.044
25.415,86.027
23.77,86.374
23.775,86.197
23.782,86.34
23.81,84.847
23.81,84.844
23.84,84.949
23.841,84.948
24.328,81.328
20.923,86.044
21.736,83.981
21.782,83.835
21.879,83.496
22.001,82.67
22.035,83.364
22.042,83.354
22.042,83.35
22.109,83.525
22.218,84.756
22.318,82.537
22.357,82.295
19.968,79.335
31.652,74.176
31.655,74.177
32.204,74.223
27.082,73.82
27.669,76.134
27.67,76.13
21.375,81.645
21.378,81.646
21.388,81.649
21.391,81.65
21.49,81.772
22.358,82.295
23.163,82.335
15.183,76.668
19.091,82.169
23.559,87.085
23.683,86.388
23.728,86.44
23.772,86.362
23.778,86.368
20.759,85.297
21.001,86.012
22.375,87.276
32.204,74.221
22.057,88.128
22.06,88.123
23.669,86.921
26.259,74.096
19.104,82.171
20.758,85.294
20.762,85.298
20.975,85.174
15.138,76.711
15.183,76.675
28.616,77.467
28.795,77.15
22.059,88.124
22.372,87.299
22.382,87.28
22.787,86.21
23.518,87.272
23.565,87.085
23.686,86.385
20.886,84.987
20.887,84.989
20.961,86.015
20.971,86.017
20.984,85.14
21.102,72.653
21.714,84.04
21.777,83.83
21.778,83.837
21.78,83.829
21.861,83.969
21.929,85.225
22.22,84.758
15.139,76.71
15.917,77.364
29.907,74.941
29.911,74.955
23.642,85.399
23.697,85.291
23.82,85.499
25.414,86.028
25.417,86.029
26.26,74.095
20.976,85.14
20.984,85.141
21.191,81.2
21.296,81.61
21.715,84.041
21.781,83.835
22.089,88.112
22.105,83.527
22.109,83.524
22.38,87.282
19.098,82.167
19.102,82.164
19.105,82.168
19.936,73.711
21.101,72.646
15.005,77.002
15.007,76.999
15.023,78.017
20.963,86.052
23.697,85.288
23.557,87.235
23.661,86.911
23.665,86.911
23.674,86.111
23.684,86.385
23.73,86.436
23.733,86.441
23.734,86.437
23.759,85.863
23.82,85.496
23.827,85.497
23.838,84.947
24.119,86.859
24.146,86.33
24.45,83.037
20.922,86.044
20.962,85.185
20.965,86.05
20.982,85.141
21.19,81.198
21.774,83.826
21.78,83.836
22.03,83.742
22.039,83.73
22.17,85.436
22.217,84.754
22.219,84.757
22.262,75.133
22.319,82.534
22.354,82.29
23.658,85.506
23.722,85.01
17.809,78.433
15.182,76.675
31.654,74.177
22.263,75.137
25.313,83.014
26.085,93.952
20.782,85.267
20.783,85.258
21.198,81.396
21.238,81.385
21.298,81.617
21.823,83.999
21.881,83.557
22.045,83.738
22.099,84.377
22.17,85.435
22.203,84.846
22.314,82.515
22.333,82.534
23.486,87.365
23.671,86.397
23.673,86.397
23.676,86.107
23.677,86.103
23.694,85.291
23.697,87.103
23.699,85.291
23.731,86.439
23.736,86.431
23.76,85.862
23.781,86.339
23.819,85.495
23.823,85.496
23.837,84.948
24.117,86.862
24.146,86.332
19.101,82.165
15.181,76.674
15.181,76.675
15.964,80.937
17.806,78.433
32.088,74.168
27.668,76.133
20.703,78.624
23.772,86.366
15.181,76.681
22.038,83.73
32.721,72.925
23.162,82.337
23.664,86.924
23.695,87.126
23.734,86.438
23.775,86.367
23.779,86.212
24.765,74.611
26.259,74.095
27.667,76.133
20.759,85.298
20.799,85.254
20.969,86.009
21.189,81.2
21.682,84.044
21.76,84.024
22.106,83.528
22.357,82.304
24.657,73.877
17.809,78.435
19.104,73.055
19.106,82.165
15.021,78.018
15.138,76.712
15.18,76.682
15.181,76.657
15.182,76.68
20.963,86.015
22.209,84.877
24.603,73.819
22.382,87.278
23.731,86.436
28.73,77.156
28.745,76.929
23.64,85.399
23.676,86.1
23.68,86.39
23.737,86.436
23.809,86.33
23.81,84.849
23.823,85.463
25.311,83.013
26.269,74.19
20.791,85.268
21.389,81.649
22.056,88.129
22.355,82.302
22.36,82.303
22.872,86.065
15.176,76.663
15.185,76.653
15.187,76.661
15.34,76.25
12.85,79.906
32.719,72.773
24.118,86.86
24.119,86.862
26.27,74.191
20.983,85.139
21.184,81.383
21.731,83.989
21.774,83.833
22.331,82.608
22.353,82.293
22.362,82.303
23.698,85.289
23.754,86.405
23.843,84.952
24.53,81.171
19.099,82.169
20.703,78.623
15.004,76.999
15.181,76.676
17.585,80.317
17.809,78.432
25.31,83.012
21.716,84.041
21.735,83.982
21.774,83.831
21.859,83.967
22.046,83.74
22.217,84.757
22.317,82.537
22.357,82.303
22.811,86.086
22.911,86.074
22.964,85.999
23.624,85.656
23.671,86.111
23.673,86.399
23.733,86.44
23.738,86.433
23.773,86.362
23.78,86.34
23.838,84.949
23.84,84.953
24.923,84.154
19.09,82.163
19.093,82.168
20.761,85.298
20.961,86.01
20.969,86.004
20.983,85.14
13.393,80.103
31.654,74.179
31.655,74.175
21.109,72.651
22.263,75.136
22.267,75.136
27.03,94.892
23.486,87.364
23.685,87.124
23.695,85.289
24.117,86.86
24.12,86.861
24.146,86.331
19.098,82.166
20.965,85.194
20.971,85.179
21.733,83.983
21.926,83.343
22.044,83.741
17.809,78.431
17.809,78.434
12.854,79.905
15.005,76.997
28.745,76.927
31.652,74.177
27.081,73.82
21.1,72.639
20.96,86.006
23.168,82.335
23.681,86.389
23.696,85.292
23.697,85.292
23.752,86.398
23.771,86.365
23.839,84.95
24.205,82.715
19.107,82.165
22.037,83.735
22.044,83.74
22.327,82.592
13.16,80.279
31.654,74.174
26.256,74.097
26.258,74.095
26.606,73.685
21.49,81.771
21.922,83.34
22.035,83.351
22.356,82.294
23.167,82.334
23.171,82.346
24.658,73.877
17.606,83.205
19.107,82.168
21.103,72.652
15.186,76.661
15.18,76.675
23.163,82.338
27.379,95.09
22.475,91.737
23.564,87.236
23.674,86.115
23.696,87.109
23.765,86.406
24.117,86.863
31.654,74.175
26.605,73.686
26.926,73.467
28.347,77.232
21.731,82.217
22.206,84.856
22.318,82.561
22.319,82.56
22.326,82.592
22.327,82.591
22.354,82.295
22.356,82.307
22.363,82.304
22.872,86.066
23.519,87.273
23.617,86.862
23.624,85.654
23.658,85.509
23.665,85.554
23.688,87.103
23.689,87.126
23.73,86.438
23.735,86.439
23.773,86.363
24.158,82.674
19.725,79.174
17.583,80.32
15.176,76.675
22.062,88.124
22.316,82.56
22.326,82.593
22.326,82.59
22.33,82.608
22.361,82.304
22.63,86.179
23.163,82.337
23.517,87.275
23.623,85.654
23.666,86.925
23.694,90.513
23.695,85.292
23.811,84.847
23.819,85.496
23.828,85.498
24.122,86.861
26.605,73.682
20.702,78.624
20.959,85.013
20.982,85.137
21.86,83.969
21.986,83.236
17.585,80.319
17.695,83.245
12.855,79.906
13.391,80.101
14.607,78.523
15.176,76.664
15.18,76.679
15.186,76.643
15.332,76.247
18.722,79.54
23.773,86.364
26.774,94.509
28.742,76.929
29.126,75.774
22.248,87.388
22.63,86.177
23.481,87.357
23.633,86.3
23.674,86.404
23.736,86.437
23.751,86.422
23.772,86.364
23.809,84.844
24.117,86.861
24.121,86.861
21.757,83.84
21.773,83.824
21.775,83.829
21.781,83.833
22.043,83.742
22.323,82.593
22.327,82.594
15.964,80.938
18.718,79.538
19.098,73.053
15.014,76.899
15.135,76.709
15.334,76.246
24.822,73.097
20.966,86.003
29.226,88.353
29.457,76.864
22.962,86.0
23.623,85.653
23.663,85.553
23.663,86.91
23.734,86.442
23.84,84.95
24.116,86.862
20.961,86.008
20.965,86.004
21.0,86.014
21.07,85.041
21.774,83.825
22.361,82.303
23.168,82.333
19.965,79.332
15.014,76.896
31.656,74.178
15.34,76.279
18.689,73.031
20.996,86.014
26.058,93.894
23.698,85.292
23.723,85.008
23.839,84.949
23.841,84.947
24.156,82.672
24.156,82.675
24.452,83.038
21.071,85.041
22.108,83.522
22.216,84.872
22.319,82.562
22.333,82.533
31.653,74.178
23.166,82.334
24.155,82.676
24.657,73.876
24.663,74.637
26.256,74.098
21.487,81.772
17.149,78.224
15.139,76.711
15.173,76.679
23.755,86.419
23.771,86.363
21.757,83.846
21.762,83.84
23.483,87.364
23.672,86.397
23.697,87.123
23.841,84.95
32.203,74.223
23.685,86.398
23.693,87.102
23.757,86.407
23.925,85.343
24.159,82.675
24.168,80.698
24.656,73.876
26.267,74.19
20.869,84.995
20.96,85.016
21.1,72.65
21.179,81.376
21.3,81.609
21.39,81.649
21.632,82.113
21.671,82.084
22.32,82.557
22.364,73.118
15.965,80.938
17.583,80.318
13.158,80.287
13.393,80.101
22.372,87.302
23.616,86.793
23.698,87.106
23.776,86.36
23.828,84.933
24.12,86.862
24.567,81.004
26.273,74.187
21.557,81.75
21.778,83.83
21.859,83.969
21.878,83.498
22.04,83.355
22.042,83.73
17.143,77.184
17.585,80.32
19.104,82.172
19.937,73.71
15.007,77.0
15.334,76.247
15.34,76.278
22.326,82.591
23.827,84.933
23.828,84.931
32.093,74.164
27.608,95.404
31.616,74.373
23.488,87.37
23.624,85.653
23.692,90.514
23.695,85.291
23.697,85.293
23.767,86.407
23.78,86.376
23.821,85.499
23.825,84.933
20.958,85.015
20.968,85.021
21.002,86.028
21.821,83.997
22.031,83.367
22.205,84.869
22.352,82.295
22.963,85.997
23.162,82.335
24.766,74.609
19.096,82.169
19.935,73.71
20.704,78.623
13.899,76.567
15.175,76.675
15.179,76.676
15.224,76.766
19.092,82.171
23.829,84.935
24.116,86.861
24.12,86.857
24.145,86.332
24.148,86.332
21.736,83.98
22.208,84.865
22.318,82.538
22.364,73.113
23.677,86.095
23.679,86.107
23.697,85.289
23.734,86.439
23.754,86.419
23.775,86.368
23.788,86.374
23.808,84.841
23.82,85.498
23.824,84.93
23.827,84.934
23.827,84.93
23.83,84.935
15.117,76.812
31.653,74.177
32.205,74.225
21.11,72.65
21.111,72.646
21.112,72.639
23.828,84.932
21.754,83.844
22.322,82.547
23.168,82.334
23.56,87.086
23.624,85.655
23.769,86.372
23.825,84.93
23.829,84.93
24.191,82.58
20.786,85.256
24.658,73.876
24.935,74.636
26.257,74.097
15.014,76.902
15.14,76.71
15.179,77.106
15.181,76.679
15.182,76.668
26.522,90.53
22.135,85.384
23.484,87.366
23.679,86.391
23.738,86.431
23.808,84.842
23.826,84.931
23.832,84.932
24.115,86.859
24.115,86.857
24.121,86.86
22.871,86.065
22.871,86.067
23.692,87.103
23.732,86.441
23.764,86.405
23.778,86.35
24.448,83.041
26.929,73.469
27.67,76.135
20.809,85.26
20.964,86.017
20.969,85.139
20.97,85.138
20.972,86.006
21.35,81.666
22.008,82.673
22.319,82.558
16.872,80.025
17.586,80.319
15.962,80.941
15.966,80.94
15.227,76.766
21.234,79.633
24.602,73.818
23.671,86.919
28.744,76.929
31.654,74.178
23.617,86.793
23.699,86.073
23.731,86.441
23.808,84.843
23.829,84.934
24.119,86.857
26.257,74.094
26.296,74.128
20.972,85.137
20.998,86.017
21.631,82.111
21.76,84.027
21.775,83.836
21.78,83.837
21.781,83.831
22.041,83.35
22.048,83.732
22.204,84.852
22.225,84.755
22.316,82.53
22.317,82.56
22.36,82.305
22.361,82.301
24.604,73.815
17.586,80.317
17.604,83.204
18.806,74.261
19.095,82.169
15.181,76.677
15.963,80.94
22.318,82.56
23.689,90.512
26.086,93.953
28.746,76.928
20.968,86.005
20.97,85.151
20.973,85.136
20.977,86.003
21.361,81.653
21.576,82.025
21.733,83.986
21.774,83.835
21.778,83.836
21.779,83.831
21.797,83.988
21.877,83.498
22.107,83.527
22.108,83.523
22.316,82.561
22.32,82.561
22.321,82.594
22.323,82.562
22.356,82.303
22.359,82.304
22.367,73.112
22.38,87.289
23.689,86.394
23.723,86.437
23.766,86.407
23.774,86.368
23.807,84.849
23.808,84.844
23.826,84.93
23.829,84.936
23.83,84.931
23.838,84.948
24.566,81.002
20.701,78.621
21.239,81.388
15.004,77.0
15.011,76.9
17.584,80.32
18.682,73.03
12.852,79.906
12.856,79.906
13.394,80.102
20.994,86.014
23.627,86.292
23.827,84.932
21.758,84.027
21.776,83.837
21.779,83.838
21.821,83.999
21.823,83.893
21.917,83.355
22.168,85.438
22.318,82.563
22.32,82.598
22.329,82.534
22.358,82.302
22.964,85.997
23.625,85.655
23.641,85.399
23.669,86.121
23.672,84.997
23.673,86.396
23.69,90.514
23.733,86.439
23.773,86.361
23.81,84.845
23.827,84.931
23.831,84.931
24.161,82.671
24.327,81.33
24.922,84.157
20.761,85.297
20.94,86.063
20.961,86.017
20.967,86.002
20.971,85.02
20.972,85.141
13.08,79.982
15.662,73.987
31.65,74.177
31.656,74.179
21.105,72.651
21.103,72.654
26.644,79.474
26.647,79.476
22.065,88.121
22.218,84.755
22.322,82.596
22.355,82.294
22.48,90.711
22.796,86.196
22.873,88.213
22.964,86.0
23.624,85.657
23.685,86.086
23.775,86.195
23.828,84.93
23.832,84.934
24.115,86.858
24.148,86.333
20.967,86.001
20.967,86.003
20.981,85.128
21.0,86.013
21.179,81.383
23.78,86.35
23.831,84.933
22.781,86.202
23.658,85.51
23.666,85.002
23.67,86.116
23.674,86.117
23.677,86.09
23.788,86.368
23.827,84.935
19.097,82.164
19.1,82.164
20.962,86.01
20.964,85.161
21.76,84.025
21.989,85.327
22.037,83.734
22.32,82.6
22.323,82.596
31.654,74.176
26.299,74.128
27.08,73.819
28.744,76.926
21.231,79.632
22.034,83.357
22.046,83.727
22.317,82.557
22.322,82.594
22.323,82.594
22.359,82.301
18.678,73.043
18.681,73.044
19.1,82.169
19.101,82.163
19.108,82.165
15.016,76.897
15.34,76.28
18.678,73.047
23.55,86.542
23.725,86.437
23.776,86.196
23.829,84.932
20.966,86.0
20.968,86.006
32.202,74.223
24.122,86.86
26.876,73.511
20.807,85.26
20.968,86.004
21.775,83.838
21.777,83.827
21.987,83.366
22.036,83.362
22.048,83.733
22.059,88.123
22.206,84.859
22.357,82.307
22.358,82.301
23.166,82.333
23.559,87.23
23.696,87.114
23.706,86.076
23.772,86.363
23.927,85.345
23.928,85.344
24.604,73.816
19.934,73.714
21.182,81.378
22.367,73.116
15.182,76.677
19.099,73.05
13.16,80.288
13.394,80.103
15.181,76.68
21.349,81.667
23.83,84.934
31.618,74.373
28.74,76.933
22.315,82.56
22.321,82.596
22.351,82.294
23.176,82.345
23.732,86.438
23.736,86.439
23.761,85.858
23.791,86.372
23.831,84.934
24.144,86.332
24.149,86.333
24.208,82.706
26.606,73.682
20.81,85.259
20.96,85.186
20.969,85.021
20.973,85.134
20.999,86.027
21.19,81.199
21.779,83.837
17.694,83.246
15.006,77.001
22.322,82.597
23.175,82.345
28.347,77.23
22.166,85.436
22.17,85.437
23.516,87.27
23.629,86.295
23.654,85.508
23.658,85.508
23.665,86.924
23.768,86.371
23.78,86.341
23.811,84.844
23.824,84.932
23.825,85.464
23.839,84.947
19.919,79.115
20.801,85.258
20.958,85.014
20.969,86.022
20.971,85.021
21.001,86.024
21.098,72.634
21.364,81.686
21.53,86.834
21.731,83.988
21.732,83.981
21.776,83.836
22.032,83.367
22.041,83.742
22.052,85.467
22.218,84.753
22.321,82.597
22.352,82.293
17.139,77.177
18.721,79.54
19.938,73.71
13.082,79.984
13.083,79.98
15.175,76.674
19.092,82.172
22.322,82.599
23.83,84.932
23.174,82.343
23.558,87.085
23.63,86.295
23.662,85.001
23.722,86.436
23.758,85.862
23.771,86.367
23.825,84.932
24.116,86.859
24.16,82.67
20.966,86.049
20.974,85.141
20.977,85.173
21.0,86.024
21.556,81.75
21.797,83.989
21.821,83.893
22.321,82.6
22.352,82.294
22.356,87.291
22.38,87.291
23.173,82.345
19.097,82.166
13.391,80.103
15.183,76.65
24.936,74.635
23.664,85.003
23.677,86.108
23.739,86.431
23.774,86.369
20.972,85.179
20.982,85.13
21.194,81.399
21.195,81.394
21.774,84.021
21.929,83.34
22.317,82.563
22.352,82.292
22.478,90.709
13.081,79.982
26.925,73.47
21.386,81.65
21.928,83.346
22.318,82.558
22.356,82.297
23.163,82.345
24.934,74.637
21.191,81.39
23.797,87.073
23.486,87.367
23.74,85.018
23.767,86.408
23.826,84.937
23.839,84.951
24.118,86.859
20.982,85.133
22.029,83.365
31.652,74.174
31.656,74.175
32.716,72.777
32.717,72.774
26.759,83.202
28.727,77.156
29.456,76.868
22.031,83.368
22.319,82.557
22.321,82.598
22.322,82.595
22.355,82.292
23.166,82.346
23.168,82.346
23.486,87.369
23.689,87.125
23.772,86.365
23.777,86.213
23.806,86.334
24.158,82.676
24.659,73.879
24.933,74.636
26.258,74.097
26.27,74.19
19.923,79.115
20.964,85.185
20.983,85.134
21.365,81.685
21.386,81.658
21.875,83.498
21.879,83.558
26.521,90.53
22.796,86.211
32.087,74.162
32.102,74.173
32.204,74.22
22.37,87.019
23.174,82.345
23.762,86.406
23.812,84.845
23.83,84.936
20.887,84.986
20.97,86.021
20.982,85.134
21.192,81.199
21.777,83.836
22.036,83.354
22.322,82.6
22.323,82.595
13.085,79.98
22.047,83.735
22.323,82.599
23.162,82.336
23.562,87.087
24.145,86.331
24.161,82.668
26.256,74.095
20.801,85.259
20.87,84.998
20.968,85.02
20.978,85.173
21.177,81.388
21.555,81.749
21.63,82.111
21.761,84.027
21.775,83.837
21.776,83.829
21.778,83.838
21.779,83.83
21.822,83.893
21.915,83.356
21.986,83.365
22.242,87.391
23.176,82.342
17.583,80.319
19.09,82.168
13.08,79.983
21.193,81.393
21.715,84.042
21.822,83.894
22.052,88.129
22.321,82.595
22.362,82.304
22.872,88.213
19.099,82.17
19.922,79.11
19.933,73.711
19.939,73.713
20.706,78.619
20.707,78.624
15.013,76.897
12.853,79.907
12.855,79.904
27.669,76.133
22.365,73.12
18.689,73.032
20.968,85.019
22.319,82.564
22.35,82.294
23.175,82.342
23.547,87.247
23.626,86.291
23.696,85.291
23.703,86.072
23.828,84.934
19.101,82.164
19.106,82.164
15.177,77.101
28.745,76.93
26.258,74.096
20.704,78.619
15.915,77.361
21.375,81.637
21.531,86.831
21.533,86.832
22.352,82.291
23.559,87.083
23.61,87.143
23.675,86.112
23.679,86.389
23.772,86.367
23.824,84.931
24.118,86.862
20.811,85.256
13.159,80.279
22.785,86.21
24.451,83.041
24.659,73.88
26.272,74.192
27.669,76.136
21.233,79.633
21.369,81.679
22.215,84.874
22.264,75.137
22.323,82.598
22.324,82.594
22.351,82.295
15.964,80.94
16.874,80.023
19.937,73.713
13.16,80.289
17.063,76.982
20.963,86.014
23.691,87.116
32.726,73.138
28.744,76.928
32.085,74.162
23.722,85.011
23.783,86.35
23.798,86.354
20.811,85.259
21.557,81.749
22.025,83.379
22.223,84.755
22.321,82.593
22.594,85.907
16.874,80.024
17.148,78.226
19.789,79.148
15.183,76.68
27.606,95.406
28.727,77.158
23.795,86.231
24.147,86.333
20.96,85.017
20.968,85.018
21.364,81.68
21.733,83.987
22.023,83.382
23.83,84.933
28.345,77.231
28.346,77.232
28.346,77.228
28.745,76.928
20.966,86.002
20.967,85.192
20.987,85.127
22.218,84.757
22.63,86.18
23.487,87.368
23.825,85.495
23.837,84.949
15.962,80.936
12.854,79.907
13.082,79.981
13.082,79.98
19.936,73.715
27.262,95.149
21.532,86.833
21.752,83.841
22.089,88.111
22.358,82.304
22.796,86.093
23.824,85.466
23.837,84.95
20.961,85.16
20.976,85.173
20.999,86.014
15.18,76.677
12.851,79.904
15.021,78.015
19.934,73.713
13.902,76.561
22.356,82.291
22.633,86.178
23.169,82.332
23.667,84.994
23.671,86.12
23.673,84.995
23.775,86.196
23.827,85.496
24.45,83.036
20.969,85.018
21.002,86.025
21.367,81.675
21.76,83.839
15.962,80.937
13.159,80.28
26.641,79.484
22.355,82.307
22.356,82.302
23.169,82.334
20.701,78.62
26.084,93.951
22.055,88.12
22.796,86.203
23.692,87.104
23.723,86.436
23.693,86.078
23.696,87.124
23.699,86.08
23.783,86.343
20.977,85.143
21.0,86.015
21.556,81.748
21.732,83.987
21.776,83.834
22.323,82.592
22.357,82.305
22.382,87.277
22.801,86.209
19.935,73.713
21.111,72.641
15.177,76.662
15.177,77.105
17.807,78.433
21.756,84.027
31.617,74.376
28.74,76.934
20.959,85.014
20.984,85.136
20.999,86.026
21.731,83.984
21.82,83.896
22.359,82.3
23.64,85.398
24.145,86.333
24.147,86.332
26.268,74.187
15.182,76.674
17.14,77.174
12.855,79.905
20.97,85.021
24.141,82.568
32.088,74.166
32.091,74.165
28.346,77.23
28.745,76.925
21.732,83.988
22.818,86.087
23.162,82.333
23.641,85.398
23.676,86.094
23.733,85.02
23.793,86.232
23.804,85.538
23.806,84.84
23.812,85.532
23.826,84.929
24.01,80.53
24.139,82.566
24.144,86.331
20.973,85.138
20.978,85.171
21.247,81.769
17.808,78.432
15.011,76.902
15.175,76.663
15.182,76.676
23.807,84.84
23.839,84.946
24.114,86.86
24.162,82.674
20.998,86.027
21.001,86.027
15.004,76.998
15.012,76.898
28.349,77.232
29.459,76.87
26.257,74.095
27.666,76.136
22.367,73.118
18.681,73.046
24.16,82.676
22.479,90.711
23.164,82.333
23.167,82.332
23.672,84.996
23.736,86.43
23.809,84.841
23.831,84.932
24.114,86.858
24.116,86.86
24.194,82.58
20.782,85.268
20.969,85.023
21.732,83.98
18.718,79.539
24.155,82.674
24.162,82.676
27.667,76.134
23.163,82.343
24.169,80.697
18.684,73.045
24.118,86.857
21.763,84.016
21.764,83.845
22.377,87.275
31.622,74.428
32.103,74.172
26.882,73.513
28.743,76.928
28.746,76.929
29.46,76.867
20.784,85.268
20.791,85.27
20.972,86.013
20.982,85.132
20.983,85.137
21.731,83.986
22.32,82.559
22.351,82.292
22.359,82.308
22.362,87.021
23.163,82.332
23.164,82.332
26.256,74.096
15.228,76.765
17.142,77.186
19.1,73.055
15.171,76.382
15.181,76.641
15.181,76.642
24.137,82.565
28.739,76.934
21.53,86.833
22.355,82.305
22.818,86.089
23.511,87.281
23.644,85.399
23.72,85.006
23.758,86.407
23.809,84.84
23.826,85.462
23.826,84.932
24.143,82.567
24.159,82.67
20.959,85.015
20.97,85.019
18.806,74.258
19.937,73.712
15.006,77.0
15.179,76.681
28.742,76.932
22.913,86.071
23.487,87.366
23.489,87.37
23.687,86.09
23.702,90.531
23.733,85.019
23.759,85.85
23.774,86.208
23.776,86.368
23.798,86.351
23.81,85.533
23.829,84.933
23.83,84.929
24.011,80.53
24.115,86.861
24.142,82.566
19.096,82.166
20.97,85.022
20.971,85.018
20.976,85.127
20.981,85.146
21.53,86.831
22.324,82.603
22.362,82.301
17.138,77.176
13.9,76.565
31.653,74.174
28.346,77.229
28.746,76.926
22.963,86.0
23.176,82.344
23.67,86.92
23.803,85.536
23.809,85.532
24.01,80.529
24.116,86.858
20.706,78.623
20.967,85.018
20.968,85.137
20.97,86.005
20.976,85.126
20.985,85.136
21.001,86.025
21.101,72.632
21.732,83.983
21.795,83.987
22.359,87.292
22.379,87.292
18.723,79.54
19.099,82.165
19.92,79.111
15.002,77.0
15.014,76.901
15.176,76.787
31.26,76.927
21.114,72.638
23.663,86.92
23.681,86.1
23.712,86.452
23.752,86.399
23.773,86.368
23.804,85.539
23.806,84.847
24.161,82.676
25.312,83.014
20.967,85.135
20.997,86.012
21.071,85.043
22.321,82.599
19.095,82.167
31.259,76.927
27.666,76.133
28.072,77.858
23.162,82.34
23.164,82.334
24.139,82.563
24.212,82.707
29.084,88.009
23.678,86.091
23.73,85.006
24.114,86.862
20.981,85.133
21.929,83.343
22.047,83.736
22.048,83.731
22.103,83.527
22.103,83.528
22.313,82.535
22.354,82.307
22.358,82.308
24.141,82.567
24.142,82.563
24.604,73.817
24.692,74.681
20.944,86.06
20.962,86.017
20.966,86.017
20.968,85.022
20.996,86.017
21.731,82.218
16.872,80.024
19.936,73.714
15.014,76.9
14.873,78.054
20.974,85.137
23.827,84.929
24.117,86.859
28.346,77.233
23.162,82.332
23.824,84.933
20.946,86.057
20.973,85.142
20.977,85.126
20.986,85.135
21.101,72.65
21.351,81.664
21.982,83.235
22.034,83.355
22.104,83.528
22.359,82.307
17.141,77.186
19.098,82.169
12.966,79.912
15.916,77.364
23.551,86.545
23.682,86.099
23.753,86.401
23.773,86.36
24.114,86.859
24.143,82.568
20.957,85.017
20.968,85.134
20.975,85.127
20.976,85.131
20.983,85.138
21.0,86.026
22.201,84.848
22.32,82.596
17.693,83.246
19.097,82.169
15.168,76.667
28.743,76.926
29.085,88.013
23.679,86.101
23.684,87.123
23.712,86.45
23.754,86.399
23.804,85.537
23.805,84.84
23.824,85.495
23.829,84.931
24.117,86.858
24.157,82.675
25.31,83.016
25.311,83.014
20.976,85.128
20.985,85.137
21.365,81.655
21.735,83.979
22.167,85.438
22.364,87.305
22.381,87.288
23.163,82.333
23.167,82.333
19.098,73.052
15.182,76.641
31.651,74.175
31.656,74.177
29.086,88.011
20.964,86.053
20.973,85.141
21.984,83.229
22.035,83.356
23.486,87.366
23.752,86.401
23.776,86.369
15.183,76.677
31.651,74.178
20.791,85.265
20.969,85.135
20.97,85.179
20.973,85.178
20.997,86.011
23.172,82.345
23.485,87.367
23.669,86.924
23.678,86.107
23.685,86.084
23.809,84.842
17.694,83.242
12.855,79.907
12.857,79.907
24.14,82.565
22.36,82.309
15.965,80.941
17.807,78.432
13.554,77.014
15.011,76.901
15.122,76.812
24.141,82.565
22.38,87.274
23.725,86.444
23.74,86.431
23.776,86.203
28.347,77.231
28.743,76.927
23.739,86.436
23.825,84.929
26.926,73.47
20.952,85.014
20.958,85.016
21.0,86.027
21.78,83.838
21.797,83.991
22.1,84.377
22.354,82.305
23.176,82.343
24.604,73.818
19.097,82.17
19.101,73.055
12.849,79.904
15.182,76.681
32.092,74.164
23.825,84.931
21.773,83.829
22.358,87.293
22.785,86.207
23.165,82.332
20.705,78.62
15.013,76.901
15.333,76.248
20.7,78.621
21.921,83.356
28.741,76.933
25.31,83.013
20.514,85.723
20.958,85.017
20.966,85.135
20.966,86.051
20.972,85.144
20.984,85.138
21.177,81.386
21.716,84.04
22.355,82.303
23.679,86.39
23.695,85.293
23.804,85.54
24.14,82.569
13.081,79.981
20.969,85.019
21.002,86.026
21.531,86.834
22.107,83.121
23.614,86.861
23.686,86.084
23.739,86.433
23.803,85.537
23.828,84.936
18.804,74.259
15.005,76.998
12.853,79.905
12.968,79.914
32.101,74.171
28.348,77.234
28.349,77.229
22.364,73.12
26.641,79.472
22.801,86.2
23.483,87.358
23.724,86.446
23.739,86.432
20.968,85.178
20.973,85.179
17.611,83.201
17.692,83.242
24.691,74.682
21.794,72.65
22.353,82.304
19.937,73.714
15.073,76.866
15.311,76.254
15.656,73.988
15.661,73.989
29.087,88.011
21.772,84.016
31.619,74.426
24.603,73.816
24.691,74.68
17.806,78.431
21.431,72.977
21.435,72.977
32.728,72.817
32.293,74.312
23.165,82.334
24.605,73.815
21.794,72.644
32.205,74.221
29.124,75.775
20.982,85.136
21.772,83.828
21.819,83.896
23.673,86.398
23.713,86.45
23.811,85.533
24.116,86.857
20.213,72.811
20.213,72.812
13.392,80.101
31.655,74.178
32.728,72.82
26.758,83.202
21.529,86.834
21.732,83.982
22.873,88.214
23.668,84.993
23.713,86.451
23.724,86.445
23.737,86.431
23.789,86.369
23.836,84.95
23.841,84.946
20.707,78.622
20.984,85.137
31.258,76.927
22.381,87.275
22.478,90.712
23.166,82.332
23.674,86.393
23.738,86.43
20.967,85.136
20.968,86.003
20.985,85.138
21.365,81.683
13.083,79.981
18.805,74.262
15.184,76.66
15.331,76.287
22.783,86.205
23.734,86.432
23.672,86.923
23.784,86.372
24.119,86.35
20.968,85.177
21.001,86.011
23.695,87.119
20.96,85.014
22.035,83.352
22.205,84.852
22.871,86.061
24.659,73.877
24.143,82.565
22.375,87.274
22.052,88.119
32.09,74.16
25.416,86.024
20.982,85.135
21.878,83.558
23.485,87.359
23.721,85.006
24.142,82.568
15.163,76.379
15.166,76.382
15.166,76.379
15.317,76.254
15.963,80.941
24.135,82.571
27.461,95.472
27.601,95.401
29.459,76.865
21.778,83.835
23.487,87.367
24.324,81.329
26.603,73.685
19.105,82.171
21.63,82.112
13.08,79.979
15.165,76.38
15.183,76.676
15.317,76.252
31.617,74.375
29.127,75.775
23.628,86.288
23.636,86.3
23.641,85.396
23.826,84.935
23.927,85.341
24.134,82.57
20.957,85.016
21.001,86.026
21.098,72.638
21.099,72.632
21.531,86.832
19.09,82.172
15.165,76.381
15.176,76.673
20.782,85.261
21.191,81.418
23.677,86.094
23.824,84.929
23.839,85.305
23.839,84.948
24.114,86.861
20.959,85.017
21.773,83.828
22.213,84.877
22.314,84.766
12.851,79.905
12.856,79.908
23.769,86.406
24.113,86.86
24.135,82.57
21.772,83.83
22.035,83.355
22.035,83.35
22.855,86.056
28.07,77.859
21.778,83.827
22.353,82.307
22.354,82.302
23.732,85.017
26.607,73.683
19.107,82.166
19.802,78.865
21.191,81.393
21.368,81.68
19.09,82.162
21.778,83.828
21.074,85.037
23.736,86.429
23.78,86.385
22.13,85.382
22.374,87.277
23.162,82.331
23.639,85.397
23.824,84.928
23.828,84.937
24.143,82.566
24.184,82.578
24.603,73.815
24.692,74.682
20.94,86.055
20.964,85.186
21.729,82.216
21.779,83.836
22.2,84.847
15.178,76.667
15.331,76.245
20.998,86.029
29.905,74.952
29.905,74.949
29.906,74.947
29.913,74.955
23.642,85.4
23.672,86.396
23.677,86.393
24.119,86.861
26.638,79.478
20.797,85.262
21.19,81.201
21.632,82.112
21.762,84.027
21.794,72.647
22.128,72.767
17.609,83.207
19.098,82.17
13.393,80.104
15.962,80.938
12.965,79.912
23.167,82.346
23.826,84.928
19.098,73.051
17.066,76.977
31.326,76.895
28.747,76.927
22.364,73.119
24.134,82.571
20.758,85.295
20.759,85.289
20.792,85.249
21.196,81.398
21.752,83.839
28.744,76.925
21.431,72.978
18.683,73.044
22.782,86.2
20.862,84.997
30.852,75.947
31.326,76.893
28.07,77.858
21.783,83.838
21.928,83.348
22.375,87.284
21.151,72.74
22.129,72.767
13.394,80.101
20.959,85.016
29.129,75.775
21.533,86.833
21.784,83.838
21.822,83.999
22.247,87.392
22.354,82.303
23.829,84.938
24.53,81.168
21.152,72.739
17.146,78.226
15.181,76.673
15.34,76.275
20.959,85.018
22.201,84.847
23.678,86.393
23.678,86.101
23.827,84.938
24.134,82.569
19.098,82.165
19.934,73.715
19.934,73.709
21.099,72.636
21.099,72.633
21.675,84.04
21.782,83.838
22.324,82.596
19.937,73.715
19.938,73.709
13.391,80.1
18.719,79.54
21.193,81.412
23.669,86.936
26.059,93.894
22.478,90.71
23.691,87.104
23.712,86.449
23.735,86.429
23.811,85.534
23.824,85.494
20.977,85.174
21.823,83.998
22.087,88.11
22.381,87.291
13.393,80.102
29.376,91.153
29.658,90.899
23.765,86.407
23.808,84.84
15.163,76.382
15.166,76.383
15.17,76.375
15.18,76.68
15.914,77.363
23.163,82.334
24.136,82.572
23.163,82.331
19.093,82.172
23.761,86.406
24.134,82.573
24.135,82.568
24.657,73.878
21.392,81.649
15.179,76.662
15.334,76.248
15.334,76.245
19.093,82.171
22.061,88.116
22.068,88.117
22.376,87.274
29.227,88.349
31.615,74.377
20.758,85.297
20.984,85.135
21.529,86.833
24.133,82.571
21.732,83.985
22.316,82.537
15.186,76.673
15.166,76.381
26.646,79.478
28.741,76.928
21.781,83.839
23.165,82.333
23.826,84.933
23.83,84.93
21.43,72.975
26.638,79.475
22.007,82.674
22.133,85.385
23.679,86.392
23.734,86.434
23.735,86.428
19.096,82.167
32.086,74.169
23.169,82.333
23.17,82.337
21.671,84.041
32.718,72.773
28.349,77.233
19.802,78.866
15.153,76.712
15.177,76.667
22.065,88.117
20.948,86.047
22.059,88.126
22.065,88.116
23.691,87.103
24.116,86.352
26.645,79.484
20.763,85.295
23.162,82.334
24.133,82.572
15.025,78.015
23.776,86.205
23.802,86.334
23.826,85.495
23.839,85.47
21.075,85.035
21.231,79.633
19.021,72.892
15.163,76.38
15.166,76.38
15.318,76.254
15.165,76.382
27.314,95.267
29.225,88.35
29.375,91.152
23.838,84.95
24.133,82.569
24.136,82.574
24.157,82.671
20.209,72.81
20.783,85.267
21.372,81.687
21.714,84.043
22.333,82.532
19.099,73.056
19.934,73.712
15.656,73.986
24.135,82.569
29.658,90.9
29.377,91.152
23.721,86.437
23.776,86.195
23.802,86.319
21.194,81.42
22.205,84.862
18.8,74.256
18.807,74.26
23.805,86.318
24.134,82.572
24.138,82.569
21.763,83.839
22.793,86.208
23.175,82.343
24.133,82.57
13.9,76.564
20.949,86.052
20.965,86.016
23.801,86.333
32.297,74.311
26.521,90.538
23.803,86.319
20.97,86.012
21.195,81.42
21.774,83.828
17.692,83.246
21.154,72.737
13.901,76.566
15.185,76.675
15.317,76.253
28.743,76.93
31.261,76.924
32.09,74.164
23.655,85.51
23.802,85.538
23.805,86.324
23.843,85.305
24.136,82.573
20.976,85.175
21.177,81.384
21.806,83.882
21.877,83.557
22.321,82.591
14.606,78.525
15.006,76.998
20.967,86.018
21.083,85.036
21.77,83.83
21.879,83.549
21.983,83.235
22.036,83.349
22.087,88.112
22.09,88.112
22.206,84.86
22.321,82.592
23.631,86.299
23.656,85.51
23.694,85.292
23.828,84.938
24.137,82.573
24.16,82.667
18.717,79.536
17.139,77.183
29.374,91.153
23.162,82.341
23.755,85.851
23.777,86.195
23.84,84.946
32.089,74.164
24.138,82.567
29.083,88.011
23.678,86.099
23.687,87.098
23.771,86.364
32.726,73.141
23.674,86.396
21.927,85.219
24.691,74.681
20.211,72.813
22.128,72.766
12.85,79.903
15.005,77.0
31.261,76.925
32.09,74.162
28.744,76.927
22.382,87.279
23.17,82.336
23.175,82.344
24.138,82.571
20.794,85.26
20.864,84.999
21.771,83.826
21.774,83.827
23.685,87.125
23.768,86.407
23.804,86.32
23.81,85.532
23.827,84.936
24.009,80.53
24.137,82.572
21.196,81.395
13.082,79.983
13.083,79.979
13.392,80.102
21.199,81.419
21.77,83.824
21.771,83.828
22.367,73.121
13.079,79.98
22.478,90.711
23.734,86.43
23.802,86.322
23.803,85.539
23.825,85.462
24.147,86.334
21.53,86.832
21.772,83.825
21.918,83.347
21.67,82.078
22.109,83.523
22.201,84.845
22.21,84.875
22.216,84.753
23.17,82.334
28.348,77.231
22.04,83.727
22.047,83.729
22.221,84.751
22.325,82.559
23.177,82.344
21.2,81.414
21.2,81.418
23.734,86.429
24.118,86.858
25.542,91.235
22.365,87.013
23.487,87.364
23.739,86.429
29.084,88.011
29.226,88.351
23.173,82.346
23.178,82.343
23.699,85.289
23.776,86.2
20.763,85.298
20.785,85.255
20.87,84.988
20.959,85.012
21.676,84.041
21.817,83.993
22.034,83.367
22.32,82.592
27.463,95.48
24.01,80.531
20.866,85.0
21.37,81.687
22.319,82.594
19.09,82.169
19.935,73.714
20.701,78.622
20.761,85.3
20.962,86.014
23.803,86.334
27.464,95.477
29.084,88.013
23.806,84.846
20.867,84.987
20.922,86.042
20.924,86.041
21.73,83.985
22.32,82.594
22.327,82.662
22.357,87.292
17.464,80.654
19.09,82.17
19.934,73.711
15.004,76.997
15.184,76.675
15.331,76.246
25.542,91.237
21.783,83.829
22.086,88.111
22.329,82.607
23.825,85.494
18.802,74.261
29.084,88.01
26.642,79.472
21.783,83.828
22.027,83.743
22.109,83.522
23.627,86.286
23.724,85.522
23.766,86.408
23.777,86.196
21.347,81.662
32.131,74.178
23.164,82.345
24.187,82.58
27.668,76.136
21.378,81.684
15.656,73.991
21.677,84.042
29.085,88.011
24.117,86.857
20.939,86.062
32.722,72.925
24.135,82.573
24.136,82.569
24.14,82.571
24.186,82.579
21.631,82.113
24.166,80.697
15.186,76.675
29.266,91.926
31.614,74.376
18.801,74.26
22.367,73.115
15.164,76.382
15.187,76.639
15.005,77.001
21.298,81.61
29.458,76.865
21.771,83.825
22.088,88.113
22.318,82.594
22.328,82.66
22.331,82.661
23.64,85.396
23.725,86.445
23.838,85.468
24.01,80.528
20.76,85.299
22.127,72.764
17.462,80.653
15.135,76.711
32.721,72.927
21.803,83.881
22.318,82.595
22.32,82.597
31.257,76.921
22.166,85.437
19.089,82.168
20.963,85.16
21.784,83.831
22.314,82.516
22.315,82.518
17.463,80.655
15.012,76.897
15.31,76.253
15.526,73.989
29.085,88.01
22.477,90.712
23.687,87.099
23.714,86.442
20.758,85.29
22.351,82.293
15.02,78.016
18.696,73.038
15.165,76.379
25.543,91.235
32.084,74.168
29.377,91.15
29.123,75.779
22.794,86.196
23.685,86.097
23.686,86.093
23.804,85.541
13.717,79.627
23.702,90.532
23.812,85.533
22.039,83.728
20.759,85.3
20.765,85.295
20.787,85.257
21.783,83.83
29.086,88.009
29.455,76.865
22.206,84.862
15.186,76.672
13.082,79.982
29.455,76.87
23.172,82.347
23.177,82.342
23.825,85.496
24.134,82.574
24.139,82.575
32.133,74.178
32.722,72.926
32.131,74.177
32.722,72.922
32.726,73.142
28.745,76.926
24.139,82.573
23.674,86.394
24.189,82.58
21.102,72.631
20.76,85.3
24.138,82.573
24.162,82.672
24.188,82.58
24.19,82.582
31.26,76.923
26.759,83.206
20.953,85.012
20.985,85.134
24.01,80.532
19.1,82.17
19.102,82.172
15.185,76.674
15.309,76.252
20.966,86.052
21.772,83.824
22.792,86.213
26.761,83.207
29.126,75.775
23.674,86.397
24.135,82.572
24.138,82.572
20.963,85.182
20.985,85.135
22.376,87.284
23.672,86.111
23.759,85.862
24.138,82.574
28.746,76.927
32.13,74.175
22.356,82.306
24.692,74.679
14.874,78.054
24.188,82.582
20.781,85.258
20.972,86.0
24.137,82.574
28.742,76.927
29.262,91.927
23.713,86.449
17.464,80.653
29.373,91.152
26.757,83.198
22.086,88.11
32.133,74.18
29.085,88.012
29.086,88.01
29.084,88.012
24.14,82.574
15.164,76.379
32.13,74.178
20.21,72.81
20.212,72.81
31.616,74.372
21.104,72.654
23.647,85.44
23.799,86.353
22.211,84.839
23.631,86.832
23.646,85.442
23.647,85.436
23.682,87.13
23.687,87.126
23.711,86.453
23.711,86.451
23.711,86.448
23.714,86.422
23.715,86.451
23.719,86.423
23.719,86.421
23.801,86.351
23.801,86.346
20.761,85.299
20.96,86.005
20.967,85.181
20.968,85.179
21.0,86.025
21.758,83.818
21.793,83.988
21.803,82.04
21.881,83.547
21.925,85.223
21.926,85.221
22.034,83.353
22.04,83.743
22.314,82.526
22.314,82.52
22.315,82.516
17.604,83.199
17.614,83.204
24.141,82.638
21.802,82.042
21.804,82.043
21.928,83.344
24.692,74.68
19.108,82.166
19.803,78.865
19.924,79.114
15.174,77.102
23.649,85.439
23.649,85.44
15.001,76.998
15.165,76.383
24.144,82.637
22.878,86.061
23.635,86.832
23.654,85.507
23.676,86.393
23.683,87.128
23.714,86.45
23.74,86.432
23.77,86.373
23.773,86.4
23.802,86.346
23.803,86.35
20.757,85.296
20.765,85.298
20.883,84.979
20.964,86.003
21.683,84.035
22.033,83.353
22.041,83.346
22.044,83.725
31.61,74.405
23.696,87.096
23.765,86.371
26.299,74.127
26.927,73.47
21.003,86.028
21.802,82.04
21.822,83.994
21.875,83.549
22.035,83.353
22.104,83.123
22.362,82.3
22.859,86.059
23.161,82.335
23.565,87.083
23.659,85.51
23.71,86.451
24.179,82.649
24.207,82.716
24.691,74.679
17.694,83.243
19.095,82.168
21.435,72.975
22.129,72.765
15.172,76.692
15.175,77.101
15.003,76.998
20.701,78.619
23.674,86.937
21.761,83.848
21.767,83.818
21.775,83.824
21.777,83.834
21.877,83.546
22.032,83.352
22.034,83.351
22.036,83.738
22.211,84.838
22.213,84.874
22.31,82.524
22.31,82.522
22.873,86.059
19.8,78.866
20.699,78.62
20.965,85.185
17.602,83.202
17.62,83.194
18.68,73.043
15.069,76.864
15.164,76.378
15.171,76.692
15.173,76.785
15.173,77.099
15.174,76.674
15.174,76.692
15.176,77.103
15.184,76.672
17.613,83.205
21.926,85.224
24.143,82.637
27.462,95.473
28.742,76.925
23.648,85.438
23.677,86.071
23.679,86.388
23.697,87.115
23.697,87.094
23.716,86.432
23.717,86.427
23.717,86.422
23.734,86.435
23.757,85.85
23.769,86.012
23.799,86.349
24.143,82.636
24.178,82.65
20.789,85.256
20.863,84.989
20.969,86.006
20.972,86.011
21.109,72.641
21.188,81.211
21.365,81.687
21.714,84.039
21.768,83.82
21.801,82.039
21.876,83.548
21.88,83.545
22.037,83.74
22.04,83.744
22.13,72.765
22.215,84.843
22.31,82.525
22.315,82.519
17.509,78.433
17.509,78.434
17.512,78.433
17.958,80.781
13.393,80.079
14.93,78.34
15.166,76.377
15.172,76.693
15.173,76.69
15.176,77.099
15.331,76.249
15.331,76.286
21.925,85.225
23.68,86.389
23.713,86.453
23.799,86.352
23.633,86.833
23.646,85.438
23.676,86.392
23.678,86.073
23.713,86.423
23.715,86.431
23.716,86.427
23.72,86.42
23.758,85.863
23.767,86.013
23.798,86.346
23.836,85.469
24.14,82.637
24.16,82.668
24.178,82.651
24.178,82.654
25.31,83.011
25.437,86.067
25.541,91.235
20.943,86.062
20.976,85.174
20.997,86.018
21.102,72.641
21.877,83.549
21.924,85.224
22.037,83.739
22.042,83.726
22.31,82.523
22.314,82.518
22.364,73.109
15.004,77.001
15.012,76.902
15.012,76.899
15.135,76.714
15.172,76.691
15.175,77.102
15.182,76.672
15.184,76.676
15.184,76.673
21.434,72.978
22.129,72.766
18.689,73.03
17.693,83.243
21.083,85.04
23.714,86.451
23.8,86.352
23.634,86.834
23.713,86.447
23.716,86.423
23.74,86.435
23.801,86.352
23.801,86.348
24.158,82.668
20.864,84.986
20.925,86.042
20.948,86.052
20.97,86.008
21.0,86.028
21.313,81.591
21.344,81.663
21.53,86.835
21.67,82.083
21.76,83.849
21.803,82.038
21.878,83.552
21.88,83.552
22.045,83.725
22.309,82.524
22.317,82.559
23.647,85.438
15.177,77.097
15.179,76.669
15.186,76.676
15.966,80.936
24.143,82.635
26.604,73.683
14.872,78.055
15.016,76.899
23.765,86.408
23.8,86.349
23.801,86.353
15.164,76.383
22.038,83.728
25.541,91.237
20.758,85.292
20.763,85.297
20.764,85.293
20.809,85.253
21.385,81.652
21.821,83.994
22.032,83.355
22.035,83.349
22.037,83.736
22.037,83.737
22.043,83.743
22.044,83.726
23.489,87.365
23.651,85.437
23.677,86.392
23.692,86.388
23.71,86.448
23.715,86.453
23.715,86.449
23.717,86.428
23.718,86.42
23.739,86.435
23.801,86.345
23.803,86.352
21.925,85.222
22.041,83.724
22.313,82.524
23.561,87.08
23.566,87.083
23.706,86.068
23.716,86.45
23.799,86.354
23.81,84.842
24.142,82.638
24.143,82.633
26.259,74.097
19.804,78.867
20.764,85.295
20.968,86.007
20.971,86.006
20.972,85.154
21.434,72.976
21.676,82.081
21.772,83.827
21.773,83.822
21.801,82.038
22.033,83.355
17.694,83.244
15.012,76.9
15.163,76.381
15.174,77.099
15.185,76.637
23.8,86.35
15.172,76.694
15.182,76.67
23.712,86.451
22.357,87.287
22.379,87.274
22.633,86.179
22.812,86.089
23.565,87.086
23.633,86.835
23.648,85.439
23.649,85.436
23.714,86.424
23.716,86.449
23.717,86.423
23.785,86.343
23.81,85.531
23.81,85.534
24.141,82.635
26.874,73.514
27.668,76.134
20.926,86.043
20.97,86.022
21.0,86.016
21.761,83.847
21.769,83.817
21.773,83.823
21.803,82.042
22.049,88.104
18.716,79.537
15.175,76.69
15.315,76.256
15.961,80.939
22.215,84.842
23.715,86.45
23.679,86.102
23.681,87.128
23.709,86.447
23.713,86.425
23.717,86.426
23.762,85.858
23.774,86.36
23.809,85.533
25.309,83.015
20.866,84.987
20.965,86.003
20.966,85.186
21.002,86.027
21.003,86.027
21.347,81.667
21.765,83.819
21.769,83.82
21.771,83.829
21.805,83.886
21.824,83.998
21.924,85.223
22.044,83.742
22.128,72.763
22.137,85.417
22.31,82.528
22.311,82.524
22.317,82.529
24.142,82.636
18.717,79.539
20.694,78.637
15.172,76.69
15.175,76.691
20.759,85.299
22.312,82.525
24.142,82.635
24.142,82.639
25.437,86.068
26.085,93.953
21.758,83.817
21.768,83.819
21.802,82.039
22.314,82.558
22.316,82.519
22.63,86.178
23.645,85.438
23.664,86.914
23.709,86.45
23.713,86.446
23.716,86.428
23.717,86.42
23.72,86.421
23.799,86.35
23.802,85.54
23.837,85.469
24.161,82.666
24.177,82.651
19.106,73.054
19.106,73.053
19.803,78.864
21.098,72.635
20.866,84.998
20.867,84.998
21.731,83.981
21.776,83.826
22.027,83.744
22.038,83.727
22.045,83.742
22.311,82.525
23.629,86.286
23.654,85.506
23.673,86.395
23.683,87.131
23.684,87.122
23.712,86.446
23.715,86.427
23.716,86.422
23.719,86.422
23.72,86.419
23.743,85.508
23.754,85.853
23.769,86.011
23.775,86.408
23.837,85.468
24.142,82.633
20.703,78.619
20.999,86.024
21.197,81.399
21.346,81.662
21.374,81.678
21.799,82.038
28.747,76.928
24.663,74.638
21.433,72.976
24.823,73.097
18.696,73.041
18.806,74.259
19.803,78.866
20.969,86.023
23.646,85.441
25.542,91.236
26.088,93.951
22.137,85.416
22.309,82.525
23.634,86.831
23.648,85.44
23.648,85.436
23.65,85.436
23.66,85.504
23.683,87.129
23.697,87.113
23.713,86.452
23.713,86.448
23.715,86.429
23.715,86.426
23.721,86.42
23.763,86.406
23.769,86.407
23.774,86.407
23.777,86.407
23.803,86.351
24.121,86.349
24.142,82.634
25.437,86.066
19.107,82.163
20.877,84.994
20.888,84.992
20.97,86.0
21.19,81.387
21.804,85.566
21.805,82.038
22.045,83.726
22.314,82.519
23.65,85.439
21.8,82.041
21.803,82.039
22.04,83.724
22.041,83.723
22.046,83.726
23.161,82.332
24.658,73.875
24.934,74.631
15.138,76.713
23.8,86.351
15.174,76.694
23.71,86.452
25.544,91.236
26.087,93.952
27.379,95.086
22.877,86.058
23.65,85.435
23.677,86.39
23.685,86.09
23.691,86.385
23.71,86.446
23.718,86.421
23.738,86.429
23.754,86.414
23.768,86.409
23.8,86.345
23.808,86.326
20.758,85.298
20.763,85.296
20.763,85.289
20.887,84.975
20.947,86.049
20.999,86.023
21.083,85.039
21.924,85.222
28.071,77.857
29.459,76.866
20.864,84.989
20.951,85.012
20.959,85.187
21.307,81.583
21.674,84.043
21.759,84.027
21.767,83.817
21.77,83.828
21.82,83.999
22.131,85.383
22.367,87.021
23.646,85.436
23.682,87.129
23.705,86.069
23.712,86.447
23.716,86.429
23.716,86.453
23.717,86.424
23.8,86.33
24.144,82.636
17.693,83.244
18.714,79.542
20.702,78.619
22.13,72.767
15.022,78.018
15.17,76.384
13.082,79.979
21.672,84.043
21.773,83.83
21.781,83.83
21.822,84.0
22.043,83.725
22.205,84.851
22.812,86.087
23.481,87.358
23.647,85.437
23.672,86.398
23.673,86.937
23.684,87.129
23.696,87.095
23.715,86.43
23.716,86.426
23.774,86.408
23.775,86.203
23.783,86.341
23.826,85.463
23.838,85.47
24.144,82.633
24.18,82.652
25.313,83.016
19.09,82.171
20.758,85.296
20.967,85.187
21.347,81.668
22.129,72.763
17.624,83.196
17.695,83.244
18.714,79.54
18.718,79.537
15.014,76.898
15.175,77.1
15.181,76.671
15.186,76.638
15.187,76.675
20.762,85.299
23.647,85.439
24.144,82.635
25.542,91.234
25.543,91.237
27.608,95.403
22.057,88.12
23.512,87.28
23.688,87.102
23.697,87.095
23.701,90.53
23.711,86.447
23.714,86.421
23.714,86.427
23.715,86.423
23.716,86.43
23.718,86.422
23.722,85.523
23.753,86.4
23.773,86.408
23.801,86.347
23.837,85.47
24.93,84.147
20.696,78.635
20.885,84.995
20.965,86.048
20.97,86.023
20.97,86.019
20.972,85.125
21.188,81.21
21.191,81.389
21.309,81.584
21.731,83.982
21.757,83.819
21.8,82.038
22.028,83.368
22.033,83.354
22.043,83.726
22.13,72.764
22.311,82.526
22.361,82.3
22.368,73.115
18.715,79.542
18.721,79.541
18.801,74.258
13.393,80.076
15.014,76.897
15.184,76.647
15.185,76.678
24.664,74.636
21.102,72.64
20.961,86.006
24.143,82.638
22.871,88.213
23.484,87.367
23.488,87.367
23.559,87.234
23.631,86.835
23.648,85.441
23.695,87.093
23.714,86.43
23.716,86.421
23.769,86.013
23.775,86.36
25.543,91.236
20.999,86.028
21.003,86.024
21.824,83.997
21.855,83.965
21.924,85.225
22.028,83.742
22.033,83.352
22.088,88.111
22.132,85.416
22.137,85.415
22.139,85.418
22.314,82.56
22.314,82.517
22.793,86.212
22.817,86.086
18.716,79.541
13.719,79.626
15.173,76.784
15.183,76.679
15.185,76.677
21.432,72.977
21.002,86.014
24.145,82.636
23.487,87.365
23.632,86.833
23.644,85.439
23.676,86.102
23.677,86.391
23.679,86.07
23.699,90.532
23.715,86.428
24.141,82.631
24.192,82.573
25.312,83.012
20.994,86.016
21.923,85.225
22.028,83.366
22.034,83.352
22.36,87.293
19.1,82.165
12.857,79.903
27.079,73.815
22.363,82.3
24.145,82.635
24.693,74.68
26.258,74.098
18.801,74.261
15.174,77.1
15.174,76.784
15.313,76.255
24.141,82.636
20.81,85.254
20.885,84.976
20.892,84.977
20.947,86.05
20.948,86.05
20.964,86.002
21.823,83.997
21.923,85.223
22.051,88.1
22.216,84.84
23.546,86.543
23.635,86.295
23.648,85.442
23.682,87.126
23.685,86.093
23.686,87.126
23.716,86.424
23.764,86.377
23.767,86.409
23.802,86.353
23.802,86.348
21.924,85.221
22.372,87.3
23.16,82.335
23.162,82.339
23.617,86.786
23.618,86.787
23.646,85.44
23.647,85.435
23.673,86.402
23.676,86.391
23.709,86.448
23.74,86.433
23.741,86.433
24.178,82.649
24.659,73.876
24.69,74.682
24.713,74.67
20.757,85.299
20.758,85.3
20.967,85.188
20.968,85.166
20.971,85.156
21.339,81.67
21.343,81.665
21.574,82.024
21.799,82.04
21.801,82.041
22.035,83.354
15.964,80.939
17.61,83.207
17.691,83.244
13.9,76.566
15.136,76.712
15.173,77.1
15.183,76.673
15.183,76.669
15.187,76.673
15.313,76.257
20.998,86.018
31.615,74.376
22.534,91.7
23.628,86.293
23.681,87.131
23.71,86.447
23.714,86.448
20.941,86.064
20.962,85.182
20.967,85.185
21.923,85.222
22.036,83.739
22.357,82.3
22.37,87.018
17.695,83.247
18.716,79.538
15.136,76.711
15.166,76.671
15.173,76.691
15.183,76.674
15.308,76.253
21.001,86.028
22.05,88.106
22.539,91.702
23.67,86.921
26.084,93.953
23.633,86.836
23.715,86.425
23.735,86.437
23.737,86.429
23.756,85.849
23.767,86.012
23.772,86.194
23.809,85.534
26.759,83.207
20.967,85.182
21.193,81.399
21.345,81.665
21.63,82.11
21.766,83.819
21.802,85.566
21.82,83.998
22.136,85.416
22.356,82.299
23.734,85.008
24.009,80.529
17.958,80.782
15.173,76.681
15.174,76.676
15.176,77.101
15.309,76.253
16.36,81.282
17.605,83.205
23.649,85.438
23.714,86.453
24.143,82.639
20.885,84.993
20.965,85.184
20.972,85.134
21.769,83.818
21.801,85.565
21.914,83.352
21.925,85.224
22.029,83.741
22.038,83.729
22.042,83.725
22.137,85.414
22.203,84.58
22.381,87.292
23.508,87.279
23.631,86.834
23.66,86.912
23.681,87.129
23.687,86.087
23.703,86.07
23.71,86.45
23.711,86.446
23.714,86.423
23.716,86.431
23.768,86.013
23.771,86.41
23.803,85.538
23.811,85.531
24.141,82.634
24.324,81.326
24.717,75.952
17.957,80.782
19.097,82.165
15.137,76.713
22.368,73.12
15.659,73.993
17.603,83.204
26.647,79.477
21.804,82.04
22.246,87.386
22.316,82.527
22.354,82.3
23.632,86.835
23.645,85.439
23.673,86.406
23.673,86.117
23.683,87.127
23.719,86.42
23.8,86.348
24.141,82.632
24.195,82.578
20.961,86.012
20.965,85.182
21.002,86.013
21.368,81.676
15.167,76.377
15.178,77.099
17.959,80.783
24.146,82.634
24.933,74.631
26.644,79.485
21.241,79.226
15.175,77.099
15.18,76.669
15.314,76.255
21.923,85.221
22.2,84.577
23.63,86.833
23.635,86.833
23.647,85.441
23.65,85.44
23.714,86.452
23.715,86.448
24.142,82.63
24.146,82.636
20.887,84.985
20.965,85.15
20.967,85.148
21.365,81.674
32.716,72.775
23.56,87.081
23.716,86.448
24.142,82.631
20.764,85.296
20.966,85.185
20.967,85.149
20.968,85.15
21.367,81.647
22.04,83.725
22.218,84.752
24.69,74.68
18.717,79.538
21.111,72.639
21.432,72.976
15.173,76.692
15.178,77.1
15.182,76.669
15.174,76.691
20.954,86.051
20.762,85.3
20.802,85.259
20.939,86.064
20.972,85.133
21.8,82.039
21.927,85.224
21.927,85.221
22.107,83.125
22.362,87.303
22.367,87.305
23.48,87.36
23.646,85.439
23.711,86.45
23.717,86.425
20.21,72.811
21.243,79.223
15.162,76.379
15.309,76.254
17.511,78.433
18.716,79.54
23.711,86.449
26.759,83.205
21.713,84.043
21.857,83.969
21.877,83.547
21.926,85.225
22.354,82.299
22.358,82.3
23.681,87.13
23.69,87.103
23.772,86.195
20.944,86.053
20.962,85.16
20.966,85.182
15.182,76.671
22.381,87.293
22.807,86.09
22.961,85.999
23.486,87.368
23.632,86.836
23.645,85.44
23.649,85.437
23.661,86.912
23.678,86.392
23.697,87.096
23.709,86.449
23.712,86.453
23.713,86.422
23.784,86.343
24.144,86.334
24.178,82.653
20.965,85.148
21.373,81.677
21.982,83.239
22.355,82.299
16.361,81.282
18.717,79.54
24.821,73.097
23.631,86.833
23.649,85.441
23.649,85.435
23.678,86.391
23.701,85.294
23.754,86.4
23.764,86.407
23.773,86.195
23.799,86.346
20.966,85.187
20.967,85.15
22.041,83.725
22.202,84.58
22.366,87.021
13.081,79.98
15.069,76.863
15.179,77.099
15.186,76.674
26.258,74.094
24.662,74.638
24.818,73.094
24.818,73.096
19.107,73.052
19.8,78.865
15.134,76.709
15.135,76.712
15.176,77.1
15.187,76.672
15.659,73.986
23.643,85.398
23.651,85.436
23.655,85.504
23.68,86.088
23.68,86.081
20.967,85.163
21.759,83.818
21.924,85.219
22.041,83.726
22.138,85.415
22.22,84.752
22.311,82.523
21.675,84.037
22.002,82.673
24.691,74.683
18.716,79.539
18.717,79.535
18.715,79.541
18.717,79.537
23.488,87.365
23.795,86.347
20.963,86.0
20.968,86.0
21.002,86.023
21.003,86.01
21.969,85.311
21.927,85.223
23.741,86.435
24.177,82.652
24.658,73.874
15.139,76.715
15.174,76.693
15.185,76.671
17.959,80.787
20.955,85.009
22.534,91.698
23.682,87.131
23.683,87.13
23.695,87.096
23.695,87.092
23.712,86.448
23.717,86.421
20.966,85.188
20.969,86.021
21.63,82.114
21.771,83.827
21.777,83.839
21.927,83.345
22.318,82.53
22.334,82.608
17.691,83.245
17.695,83.243
17.695,83.246
17.957,80.784
14.931,78.339
15.171,76.691
15.18,76.681
15.225,76.762
23.715,86.452
23.662,86.911
26.759,83.204
20.957,85.188
22.309,82.523
22.364,73.111
17.958,80.786
18.543,83.344
18.807,74.259
19.802,78.864
15.003,77.0
22.361,73.121
20.872,84.997
22.037,83.738
22.066,83.704
22.316,82.557
22.359,82.299
22.573,85.898
23.65,85.434
23.686,86.083
23.717,86.43
23.768,86.012
24.145,82.634
15.068,76.865
15.071,76.863
15.136,76.714
12.857,79.906
21.431,72.976
21.434,72.977
22.127,72.765
22.128,72.765
15.662,73.989
20.965,86.047
21.682,84.036
21.774,84.02
22.312,82.523
22.572,85.895
22.574,85.897
22.633,86.177
23.483,87.366
23.488,87.366
23.648,85.434
23.673,84.997
23.673,86.105
23.678,86.39
23.714,86.447
23.838,84.946
17.696,83.244
17.958,80.783
21.192,81.413
21.366,81.675
21.379,81.676
15.961,80.936
23.161,82.337
19.805,78.866
21.434,72.975
22.363,73.119
22.367,73.12
25.541,91.236
26.772,94.506
21.683,84.038
22.04,83.726
22.044,83.724
22.067,83.704
22.574,85.891
22.577,85.893
22.781,86.201
23.562,87.08
23.648,85.435
23.696,87.091
23.8,86.346
28.776,76.949
32.059,74.265
23.644,85.438
23.678,86.072
23.694,87.102
23.696,87.113
25.309,83.013
26.257,74.098
21.199,81.416
21.372,81.677
21.781,83.838
21.782,83.836
21.783,83.832
22.31,82.53
22.355,82.3
22.363,73.117
22.572,85.897
22.573,85.892
24.691,74.678
20.707,78.623
15.335,76.245
15.173,76.693
18.718,79.54
21.433,72.98
26.058,93.892
23.738,86.438
20.965,86.0
20.971,86.021
21.561,81.755
21.769,83.819
21.778,83.839
21.793,80.015
21.92,83.355
22.066,83.706
22.216,84.757
22.332,82.603
22.361,82.299
22.375,87.283
22.573,85.9
22.576,85.889
24.597,80.861
17.601,83.198
21.242,79.228
15.176,76.692
15.314,76.256
16.36,81.284
13.081,79.983
21.188,81.394
24.931,84.148
20.964,86.047
21.776,83.838
21.779,83.839
22.062,88.122
22.065,83.704
22.574,85.896
23.695,87.097
23.696,87.092
23.754,85.851
23.763,86.383
23.763,86.381
23.803,85.541
23.803,85.54
24.141,82.637
19.103,82.172
20.953,85.009
20.971,85.126
21.239,79.227
21.339,81.672
21.555,81.747
15.175,76.788
15.185,76.666
16.359,81.284
12.856,79.907
22.574,85.892
26.059,93.893
22.028,83.744
22.037,83.727
22.066,83.705
22.315,82.556
22.38,87.293
22.571,85.896
22.575,85.892
22.872,88.214
23.633,86.834
23.669,86.934
23.673,86.934
23.678,86.389
23.717,86.419
23.768,86.011
23.771,86.196
23.773,86.41
23.784,86.34
23.836,85.47
24.324,81.328
20.699,78.637
20.874,84.994
20.952,85.011
21.189,81.21
21.768,83.821
21.794,80.016
22.365,73.11
18.686,73.026
15.169,76.376
15.186,76.678
32.296,74.315
15.659,73.992
22.571,85.895
22.575,85.896
22.576,85.892
23.628,86.287
23.683,87.132
23.696,87.094
23.7,90.53
23.752,86.396
24.196,82.576
19.103,82.163
20.782,85.264
20.887,84.992
20.951,85.011
21.385,81.656
21.793,80.016
21.8,82.04
22.036,83.737
22.064,83.706
22.215,84.865
22.316,82.558
17.511,78.432
15.176,76.784
15.181,76.672
32.09,74.163
32.106,74.18
15.174,77.098
15.656,73.987
18.714,79.539
23.56,87.08
23.618,86.861
23.631,86.831
23.67,86.121
23.68,86.082
23.68,87.128
23.69,87.11
23.697,87.092
23.737,85.004
23.753,86.396
23.775,86.407
23.925,85.341
20.943,86.063
20.959,85.008
21.752,84.021
21.772,84.017
22.036,83.736
22.04,83.347
22.208,84.858
22.216,84.755
22.392,85.77
23.69,87.126
23.711,86.452
23.713,86.445
23.769,86.371
26.875,73.513
26.928,73.467
21.926,85.226
22.223,84.756
22.571,85.894
22.577,85.897
22.578,85.896
22.787,86.209
24.14,82.681
24.657,73.875
17.613,83.207
21.242,79.227
15.185,76.668
17.51,78.433
18.717,79.541
23.486,87.363
22.053,88.119
22.364,87.296
29.224,88.353
25.436,86.069
25.437,86.069
21.922,85.222
22.571,85.898
23.551,86.544
23.634,86.836
23.677,86.101
23.682,86.102
23.683,86.102
23.686,86.085
23.714,86.426
23.786,86.343
24.143,82.681
24.931,84.147
19.801,78.864
20.811,85.257
20.862,84.991
20.967,85.189
20.97,85.123
21.24,79.228
21.432,72.978
18.715,79.538
15.007,76.998
15.175,76.693
15.185,76.638
15.186,76.65
23.65,85.437
22.392,85.773
22.575,85.895
23.698,87.096
23.71,86.453
23.713,86.424
23.714,86.454
23.718,86.419
23.766,86.379
24.143,82.68
24.201,80.799
24.594,80.861
20.959,85.01
21.239,79.228
21.242,79.229
21.345,81.667
21.433,72.977
22.064,83.707
22.212,84.879
22.365,73.111
15.177,77.1
15.184,76.666
32.105,74.178
18.718,79.541
32.107,74.177
26.058,93.891
29.458,76.863
23.608,87.147
23.645,85.441
23.646,85.437
23.661,86.913
23.694,87.096
23.698,87.097
23.699,85.292
23.765,86.378
24.203,82.71
24.93,84.146
25.541,91.233
20.953,85.016
20.958,85.009
20.973,85.124
21.239,79.23
21.765,83.818
21.926,85.223
22.063,83.707
22.067,83.707
22.067,83.703
22.133,85.415
22.31,82.531
18.807,74.258
19.105,82.163
19.935,73.709
13.392,80.1
15.013,76.899
15.181,76.669
32.109,74.181
22.575,85.891
23.694,85.29
23.712,86.424
24.117,86.349
24.922,84.158
26.645,79.474
21.3,81.61
22.065,83.707
22.065,83.702
22.315,82.52
22.573,85.893
18.712,79.541
18.718,79.542
15.135,76.713
15.179,77.1
16.361,81.283
13.083,79.982
22.575,85.897
29.227,88.351
24.121,86.35
25.54,91.237
26.06,93.894
20.865,84.987
20.886,84.993
21.922,85.223
22.063,83.704
22.066,83.703
22.394,85.771
22.572,85.896
23.481,87.364
23.633,86.832
23.697,87.093
23.712,86.454
23.715,86.454
23.776,86.409
18.72,79.541
27.67,76.133
22.038,83.356
22.201,84.846
23.65,85.442
24.169,80.698
21.231,79.631
21.241,79.227
21.558,81.749
21.759,84.028
21.778,83.84
18.716,79.542
15.183,76.672
15.228,76.764
18.715,79.537
20.96,85.012
20.998,86.009
21.926,85.218
22.362,87.298
22.574,85.893
22.575,85.894
23.644,85.436
23.673,84.993
23.684,86.387
23.715,86.422
23.765,86.409
23.766,86.409
20.781,85.259
32.132,74.179
28.744,76.933
28.744,76.93
28.776,76.948
22.379,87.284
23.161,82.336
23.65,85.441
23.685,86.096
23.716,86.452
24.116,86.351
26.273,74.19
20.888,84.986
20.958,85.187
20.96,86.011
20.973,85.125
20.984,85.132
21.779,83.842
21.78,83.839
21.924,85.226
22.037,83.729
22.065,83.705
22.129,72.764
22.357,82.299
17.955,80.787
17.956,80.786
17.96,80.783
18.715,79.543
13.079,79.984
13.085,79.979
13.898,76.563
21.68,84.046
26.773,94.505
31.617,74.373
32.293,74.31
23.603,87.154
23.696,87.093
23.714,86.429
23.715,86.424
26.256,74.094
20.957,85.189
21.239,79.229
21.34,81.673
21.556,81.747
21.713,84.041
21.756,84.028
21.789,80.016
21.793,80.017
21.801,82.04
22.027,83.37
22.067,83.705
22.216,84.756
22.318,82.531
22.319,82.53
22.353,82.308
22.357,82.309
24.713,75.954
17.954,80.787
17.955,80.786
19.101,82.171
21.003,86.025
22.573,85.897
32.107,74.181
24.145,86.334
28.742,76.926
20.888,84.993
20.959,85.009
21.555,81.746
21.557,81.751
21.56,81.755
21.77,83.821
21.774,83.837
21.777,83.838
21.874,83.497
22.354,82.306
23.489,87.369
23.662,84.996
23.671,86.396
23.677,86.073
23.713,86.421
23.741,85.015
23.768,86.014
24.011,80.528
17.692,83.243
17.956,80.782
18.72,79.54
15.006,76.997
15.174,76.69
15.657,73.985
13.897,76.564
32.107,74.178
20.874,84.993
22.36,82.307
29.225,88.354
26.061,93.892
21.803,82.041
22.028,83.743
22.064,83.705
22.068,83.705
23.786,86.342
23.802,85.539
23.838,85.469
24.142,82.637
18.715,79.54
20.964,86.048
20.968,86.02
21.241,79.23
21.242,79.223
17.51,78.435
17.807,78.431
22.131,72.766
15.185,76.669
26.772,94.505
22.036,83.735
22.064,83.703
22.318,82.532
22.356,82.308
22.573,85.896
22.574,85.89
23.649,85.434
23.686,87.128
21.49,81.767
16.359,81.282
17.81,78.429
18.714,79.536
13.086,79.979
32.726,72.819
32.058,74.269
26.879,73.517
21.343,81.666
22.36,82.299
16.36,81.283
15.228,76.763
15.312,76.254
29.227,88.352
27.378,95.085
22.574,85.895
23.647,85.442
23.803,86.349
32.058,74.265
23.739,86.437
24.116,86.353
20.873,84.992
20.96,85.011
21.752,83.843
21.777,83.84
21.885,83.551
22.219,84.759
24.658,73.879
18.717,79.534
19.721,79.176
21.24,79.23
15.184,76.649
29.373,91.15
32.058,74.267
28.743,76.934
20.965,86.001
20.983,85.133
21.001,86.029
22.319,82.529
22.572,85.898
22.856,86.054
23.485,87.362
19.801,78.866
20.808,85.26
21.792,80.018
17.957,80.786
14.932,78.341
15.175,76.694
15.182,76.673
15.187,76.64
20.969,86.005
22.319,82.531
22.317,82.518
22.357,82.308
23.661,85.553
23.671,86.395
23.677,86.072
23.713,86.43
23.714,86.425
23.769,86.014
23.773,86.409
23.799,86.348
24.82,73.09
25.312,83.013
19.09,82.167
19.936,73.709
20.704,78.62
21.557,81.748
21.713,84.04
21.732,82.212
21.776,83.835
21.779,83.84
21.93,83.342
22.034,83.354
18.687,73.027
13.081,79.979
15.173,76.694
15.174,76.689
15.18,76.671
15.184,76.667
23.684,86.398
23.713,86.454
22.573,85.895
23.648,85.437
23.764,86.383
23.764,86.379
23.774,86.409
23.836,85.468
24.009,80.531
20.758,85.299
20.975,85.176
21.1,72.631
21.187,81.209
21.556,81.749
21.673,84.039
16.36,81.286
32.108,74.178
32.724,72.818
20.972,85.18
23.649,85.442
15.163,76.378
22.479,90.71
23.701,90.532
23.842,84.949
25.54,91.234
25.544,91.235
20.866,84.986
21.0,86.01
21.794,80.015
21.8,82.037
22.312,82.524
22.317,82.528
22.318,82.518
22.318,82.514
22.572,85.892
22.576,85.896
22.577,85.892
13.086,79.98
15.072,76.862
15.174,77.097
15.966,80.937
32.132,74.177
21.241,79.225
21.242,79.226
15.184,76.668
22.797,86.211
26.645,79.485
23.645,85.436
23.692,86.386
23.695,87.091
23.709,86.446
23.715,86.447
23.717,86.418
23.749,86.414
23.755,86.415
23.757,86.394
23.764,86.378
23.78,86.384
23.801,86.349
20.762,85.289
20.964,86.001
21.392,81.643
22.132,85.379
22.221,84.75
22.329,82.608
22.595,85.902
19.098,82.163
31.61,74.406
32.057,74.266
32.727,72.82
21.804,82.039
21.824,83.995
22.041,83.348
22.316,82.525
22.319,82.532
22.334,82.602
22.571,85.892
22.577,85.895
22.578,85.894
22.876,86.058
23.928,85.341
24.659,73.875
24.693,74.682
20.969,85.18
21.189,81.209
21.377,81.676
19.105,73.05
14.932,78.34
20.974,85.177
21.348,81.668
23.713,86.455
23.697,87.09
25.54,91.233
23.555,87.237
32.133,74.176
27.667,76.135
22.207,84.864
22.39,85.77
22.574,85.898
22.595,85.903
22.792,86.192
22.811,86.082
23.609,87.141
20.244,86.61
20.959,85.188
20.96,85.008
20.971,86.019
20.972,85.153
21.19,81.21
21.435,72.978
21.632,82.11
21.715,84.039
21.793,80.018
22.358,82.299
17.614,83.203
15.172,76.382
15.335,76.283
20.959,85.189
22.874,86.068
32.091,74.163
32.131,74.174
22.813,86.083
22.859,86.054
23.551,87.242
23.671,86.115
24.009,80.528
24.144,82.634
21.194,81.389
21.24,79.229
21.776,83.833
21.802,82.038
21.861,83.965
22.042,83.724
22.068,83.703
22.353,82.306
17.959,80.781
14.931,78.342
15.179,76.651
15.18,76.643
15.524,73.996
20.958,85.189
21.35,81.668
23.651,85.435
23.684,87.128
23.725,85.526
23.801,86.35
23.839,85.468
24.145,82.633
24.929,84.148
25.542,91.233
20.87,84.987
20.964,85.011
20.966,86.001
20.966,85.148
21.775,83.835
21.779,83.828
21.854,83.963
21.88,83.547
22.065,83.706
22.81,86.081
24.715,75.95
18.684,73.026
15.183,76.663
17.066,76.976
32.107,74.18
32.131,74.176
21.111,72.642
22.368,73.119
20.958,85.19
20.8,85.256
20.958,85.141
20.962,85.015
21.242,79.222
21.88,83.544
23.666,86.915
23.767,86.38
23.802,86.349
24.328,81.326
24.329,81.327
20.699,78.635
21.242,79.224
15.025,78.011
15.166,76.376
15.176,77.097
32.727,72.818
26.643,79.485
24.819,73.091
26.259,74.094
21.11,72.639
25.034,87.373
25.033,87.369
25.035,87.369
26.76,83.196
20.925,86.041
21.003,86.026
21.3,81.603
21.391,81.643
21.486,81.764
21.748,83.815
21.775,84.018
21.804,82.037
21.94,81.979
22.037,83.346
22.038,83.347
23.65,85.438
23.789,85.55
23.825,85.461
24.14,82.63
24.146,82.63
24.146,82.631
20.782,85.265
21.195,81.411
21.196,81.392
21.214,82.135
28.071,77.859
28.339,77.223
28.339,77.221
23.163,82.33
21.213,82.133
21.365,81.675
21.677,84.032
21.761,84.016
21.804,82.038
21.882,83.554
21.926,83.348
21.939,81.981
21.94,81.98
22.043,83.724
22.046,83.724
22.334,82.572
22.336,82.578
22.337,82.573
16.361,81.284
19.102,73.056
14.876,78.054
21.773,83.819
22.361,87.013
22.367,87.014
22.38,87.273
22.784,86.198
23.551,87.238
23.665,86.915
23.679,86.386
23.679,86.081
23.685,86.387
23.697,87.119
23.8,86.347
20.764,85.29
29.458,76.864
23.615,86.785
23.643,85.396
23.645,85.437
23.682,86.103
23.698,87.103
23.716,86.425
23.758,85.849
23.791,85.551
24.143,82.631
25.033,87.373
25.035,87.368
21.185,81.38
21.746,83.813
21.773,83.834
21.792,80.015
21.925,85.221
22.057,88.119
22.316,82.564
22.333,82.574
22.338,82.576
18.714,79.538
18.803,74.262
15.524,74.0
16.358,81.285
15.181,76.643
22.319,82.567
25.542,91.232
23.695,87.094
25.032,87.377
25.033,87.372
25.034,87.368
20.783,85.26
20.862,84.99
20.867,84.986
20.95,86.045
20.961,85.015
21.178,81.383
21.179,81.379
21.56,81.754
21.745,83.815
21.748,83.814
21.77,83.831
21.779,83.827
21.79,80.018
22.206,84.55
22.317,82.53
22.332,82.576
22.336,82.577
22.369,87.014
23.607,87.149
23.787,85.55
24.144,82.632
14.93,78.339
16.359,81.283
17.139,77.174
13.084,79.981
15.184,76.669
15.185,76.667
20.87,84.999
25.034,87.371
18.687,73.034
25.031,87.377
25.032,87.369
25.035,87.374
25.036,87.37
25.543,91.234
21.745,83.816
21.748,83.817
21.802,82.041
21.83,84.928
21.94,81.982
22.207,84.55
22.217,84.867
22.318,82.568
22.318,82.516
22.322,82.584
22.334,82.574
22.572,85.894
22.576,85.891
23.682,87.128
23.695,87.095
23.724,86.436
23.79,85.553
24.145,82.632
24.158,82.667
24.165,82.616
24.206,82.717
20.872,84.998
20.961,85.011
21.213,82.135
21.246,81.771
21.31,81.594
15.186,76.677
15.165,76.378
32.059,74.264
32.725,72.816
25.035,87.371
29.265,91.925
21.859,83.964
22.031,83.741
22.208,84.548
22.322,82.583
22.336,82.576
22.576,85.893
23.787,85.552
25.031,87.375
25.034,87.375
19.106,82.163
20.869,84.999
20.963,85.018
20.963,85.013
21.747,83.816
17.957,80.783
15.139,76.707
15.176,76.375
15.184,76.677
15.339,76.274
22.334,82.607
22.335,82.611
25.032,87.373
26.76,83.195
23.672,86.116
23.718,86.423
20.811,85.254
20.979,85.171
21.301,81.603
21.805,82.036
21.925,85.22
22.041,83.347
22.208,84.549
22.21,84.549
17.96,80.782
15.024,78.008
27.08,73.815
21.241,79.228
17.514,78.432
20.358,72.949
15.181,76.652
21.767,84.027
29.228,88.351
22.377,87.274
22.573,85.894
23.636,86.833
23.645,85.435
23.684,86.386
23.799,86.347
23.808,84.839
23.809,84.839
21.681,84.034
23.712,86.445
25.033,87.376
25.034,87.37
20.79,85.251
21.213,82.137
21.774,83.836
21.938,81.982
22.319,82.565
22.333,82.576
22.874,86.059
23.677,86.098
23.791,85.552
15.164,76.38
15.185,76.673
15.227,76.762
16.36,81.285
32.059,74.266
25.033,87.374
22.335,82.574
23.675,86.098
23.739,85.004
23.766,86.37
23.79,85.55
24.14,82.635
24.164,82.614
19.096,82.165
20.782,85.258
20.971,85.154
20.975,85.146
18.688,73.032
22.573,85.89
23.74,86.436
23.773,86.407
23.787,85.553
24.203,82.709
25.034,87.376
25.035,87.372
25.037,87.369
20.949,86.043
21.178,81.385
21.214,82.136
21.94,81.984
22.334,82.603
22.335,82.576
16.361,81.286
15.136,76.713
23.773,86.194
23.79,85.554
24.14,82.634
24.147,86.33
24.204,82.717
26.762,83.206
20.95,86.044
20.966,85.15
21.18,81.379
21.631,82.11
21.747,83.814
21.772,83.819
21.78,83.828
22.067,83.706
22.209,84.551
22.319,82.566
22.322,82.593
24.714,74.668
17.693,83.245
20.356,72.947
15.167,76.376
15.917,77.361
22.572,85.899
23.743,85.013
25.034,87.377
25.033,87.377
21.77,83.818
21.782,83.828
21.795,80.017
21.806,83.884
21.88,83.546
23.663,85.554
23.788,85.553
23.992,79.393
24.141,82.633
24.143,82.675
24.159,82.669
17.96,80.781
21.102,72.63
15.023,78.01
22.038,83.742
25.035,87.373
20.979,85.172
21.806,83.885
24.008,80.528
24.16,82.671
24.205,82.706
19.103,82.162
24.656,73.875
21.433,72.975
20.891,84.984
23.838,85.467
25.032,87.375
15.162,76.38
17.61,83.198
20.356,72.95
12.851,79.902
18.691,73.045
25.036,87.373
24.69,74.681
18.804,74.257
20.357,72.949
21.757,84.027
25.033,87.37
25.037,87.371
21.79,80.015
22.318,82.566
22.322,82.585
22.322,82.592
23.561,87.227
21.1,72.632
17.959,80.785
20.971,85.183
22.049,83.731
25.032,87.371
22.314,82.514
24.01,80.527
21.939,81.983
18.686,73.027
13.393,80.1
15.175,77.098
22.037,83.743
23.65,85.433
23.675,86.099
23.762,86.382
23.768,86.37
23.987,79.389
24.165,82.619
24.207,82.522
24.93,84.148
20.887,84.994
20.962,86.015
20.974,85.123
21.245,79.219
21.308,81.588
21.559,81.754
21.804,83.883
21.988,83.23
22.036,83.74
22.168,85.434
22.226,84.75
22.321,82.586
22.336,82.574
18.805,74.257
15.915,77.36
24.658,73.878
24.164,82.621
24.165,82.62
23.662,84.997
23.678,86.07
23.685,87.128
23.74,86.43
23.796,86.347
24.165,82.615
25.031,87.376
25.036,87.372
20.862,84.989
21.0,86.023
21.001,86.013
21.311,81.587
21.731,82.211
21.782,83.829
21.791,80.015
21.926,85.22
22.037,83.741
22.068,83.704
22.207,84.548
22.228,84.752
22.575,85.893
19.107,82.161
12.854,79.906
21.214,82.134
21.802,82.036
22.034,83.35
20.354,72.947
20.355,72.95
20.358,72.948
15.175,76.673
12.85,79.901
15.181,76.67
23.563,87.08
23.619,86.788
23.685,87.119
23.686,86.08
23.716,86.42
23.728,86.437
23.781,86.369
23.802,86.35
21.681,84.033
21.753,84.019
21.969,85.31
22.036,83.347
22.039,83.727
22.211,84.872
22.244,87.386
22.364,87.012
22.802,86.201
25.035,87.367
25.036,87.367
28.34,77.221
21.802,85.565
22.219,84.752
22.368,87.012
22.381,87.273
22.874,86.058
23.71,86.449
23.713,86.444
23.716,86.451
23.74,86.434
23.787,85.551
24.693,74.679
20.354,72.949
20.357,72.95
20.962,86.003
20.967,85.183
20.971,86.018
21.309,81.587
17.615,83.202
13.162,80.288
25.541,91.232
28.068,77.857
28.339,77.222
29.223,88.352
23.686,87.125
23.74,86.437
23.741,86.431
24.135,82.574
24.14,82.632
24.161,82.605
24.169,82.623
24.202,82.711
24.713,74.671
25.037,87.37
20.966,85.183
21.801,82.042
22.209,84.549
22.31,82.526
17.614,83.205
19.089,82.171
22.036,83.743
22.331,82.609
21.104,72.64
21.106,72.651
23.738,86.437
25.035,87.375
22.539,91.698
23.672,86.394
23.676,86.099
23.767,86.37
23.775,86.409
23.784,86.341
23.796,86.231
24.134,82.575
24.139,82.63
24.141,82.677
24.145,82.631
24.159,82.606
25.034,87.372
26.275,74.187
26.605,73.681
20.868,84.987
21.081,85.031
21.215,82.135
21.968,85.311
22.036,83.741
22.207,84.551
22.312,82.526
22.322,82.673
22.334,82.576
19.104,73.05
20.356,72.946
15.176,76.651
17.14,77.181
13.08,79.981
24.823,73.09
19.962,79.338
23.797,86.355
24.16,82.606
25.033,87.371
25.033,87.375
24.929,84.149
20.863,84.997
20.875,84.991
20.962,85.012
20.97,85.126
21.801,85.566
21.819,83.992
22.208,84.551
22.323,82.673
23.651,85.438
23.665,86.912
23.673,86.394
23.675,86.393
23.697,85.287
23.714,86.428
23.718,86.429
23.776,86.407
23.788,85.552
23.926,85.345
24.158,82.605
18.541,83.342
19.099,82.164
15.172,76.381
15.18,76.672
15.184,76.674
15.185,76.676
15.332,76.245
17.14,77.173
13.085,79.978
21.936,81.981
22.065,83.703
22.067,83.702
22.315,82.514
23.806,84.839
24.158,82.669
24.158,82.666
19.919,79.111
19.96,79.333
21.244,79.219
21.363,81.643
21.803,82.037
15.961,80.937
16.362,81.283
15.022,78.009
32.717,72.773
23.167,82.331
23.172,82.341
22.782,86.207
23.766,86.41
19.097,82.171
22.63,86.176
23.632,86.834
23.648,85.433
23.68,86.07
23.741,86.432
23.779,86.213
23.822,85.493
24.202,82.709
25.032,87.374
25.032,87.37
19.087,82.17
19.088,82.172
21.002,86.024
21.673,82.076
23.788,85.549
20.956,85.004
20.98,85.171
21.924,85.22
21.941,81.981
22.333,82.601
22.571,85.899
22.577,85.894
29.223,88.347
24.929,84.146
25.035,87.376
25.036,87.368
20.971,85.151
20.971,85.124
22.331,82.572
22.361,82.305
21.18,81.383
21.555,81.745
23.558,87.244
23.714,86.449
23.798,86.355
31.616,74.371
32.716,72.772
24.157,82.604
24.16,82.604
24.713,74.669
20.355,72.946
20.357,72.948
13.394,80.077
25.032,87.372
23.804,84.839
24.149,86.331
24.159,82.607
24.162,82.668
24.928,84.148
26.273,74.185
20.973,85.153
21.114,72.633
21.214,82.137
21.241,79.229
21.241,79.224
21.832,84.926
22.03,83.368
22.314,82.557
13.084,79.979
15.178,76.787
18.69,73.031
23.665,87.156
23.8,86.353
23.581,86.725
23.664,87.156
23.698,87.095
23.709,86.451
20.954,86.044
21.193,81.395
22.207,84.549
22.333,82.573
22.572,85.891
13.392,80.099
15.069,76.862
15.184,76.671
15.18,77.1
29.085,88.009
24.203,82.711
20.242,86.604
20.887,84.977
21.674,84.038
21.748,83.816
21.752,84.022
21.926,85.219
21.989,85.326
22.034,83.739
22.036,83.346
23.488,87.364
23.552,86.539
23.665,87.155
23.777,85.994
23.825,85.493
19.096,82.163
19.096,82.164
21.243,79.229
22.017,82.18
17.614,83.206
18.716,79.534
15.129,76.785
15.183,76.671
21.751,83.814
25.034,87.374
25.037,87.372
20.862,84.994
29.226,88.352
23.789,85.553
23.789,85.551
20.953,85.015
22.214,84.878
19.111,73.054
23.754,85.854
25.03,87.374
25.031,87.369
25.035,87.37
26.264,74.189
22.05,88.126
22.206,84.863
22.207,84.552
22.315,82.537
22.317,82.539
20.874,84.992
21.829,84.927
22.037,83.742
22.202,84.848
23.582,86.725
23.666,87.158
23.695,86.082
24.135,82.575
24.16,82.669
24.182,82.665
24.185,82.665
24.186,82.661
24.205,82.718
15.182,76.679
15.184,76.678
26.258,74.099
29.66,90.898
22.316,82.559
22.323,82.675
22.332,82.574
22.574,85.894
23.764,86.385
23.796,86.232
24.185,82.662
24.202,82.71
25.033,87.378
20.966,86.05
20.97,85.18
21.804,82.041
17.139,77.184
17.958,80.784
13.557,77.012
31.261,76.927
21.432,72.975
23.778,86.213
23.582,86.724
23.665,87.157
23.755,86.42
24.157,82.667
19.96,79.332
21.75,83.815
21.799,82.039
22.329,82.575
17.597,83.181
17.602,83.184
17.607,83.188
24.156,82.67
21.804,82.042
20.763,85.299
28.836,77.139
20.967,85.186
15.111,76.806
13.555,77.017
25.541,91.234
32.089,74.163
32.104,74.179
28.742,76.928
22.061,88.125
22.062,88.121
22.062,88.12
22.068,88.122
22.575,85.899
23.665,87.159
23.666,87.156
23.788,85.554
24.169,82.62
24.185,82.661
20.876,84.993
22.039,83.726
16.361,81.285
17.603,83.203
15.109,76.807
24.158,82.607
22.817,86.088
23.666,87.159
23.698,87.094
23.783,85.564
23.786,86.34
24.162,82.667
24.186,82.664
24.187,82.66
25.033,87.368
25.036,87.374
20.973,85.123
21.188,81.208
21.213,82.134
21.56,81.756
21.75,83.814
21.77,83.829
21.791,80.018
22.131,72.764
22.208,84.552
22.315,82.558
22.323,82.59
22.333,82.572
13.393,80.075
15.187,76.638
23.674,87.127
32.131,74.173
23.58,86.725
23.662,87.157
23.665,87.158
23.769,86.01
23.782,85.567
24.16,82.666
25.03,87.375
20.965,85.018
21.675,82.078
22.331,82.573
22.332,82.575
22.38,87.292
15.11,76.806
12.858,79.908
23.703,90.53
25.436,86.068
20.972,85.122
21.364,81.683
22.038,83.741
23.581,86.727
23.734,86.436
23.763,86.407
20.354,72.951
17.509,78.432
15.188,76.64
20.96,86.007
29.223,88.353
25.031,87.372
22.961,85.998
20.947,86.051
17.598,83.184
17.599,83.186
17.6,83.18
32.057,74.267
32.087,74.165
32.719,72.923
31.61,74.407
25.031,87.373
25.033,87.379
20.76,85.302
22.018,82.182
22.317,82.538
17.597,83.183
32.108,74.176
23.665,87.16
23.679,86.074
23.786,85.551
25.031,87.374
20.969,85.124
21.791,80.019
22.328,82.573
24.163,82.628
20.706,78.622
15.137,76.715
15.183,76.678
16.361,81.287
12.852,79.904
20.973,85.154
24.923,84.157
21.699,84.034
21.749,83.813
22.017,82.179
22.317,82.517
22.332,82.572
24.139,82.633
24.169,82.619
17.607,83.205
20.97,85.125
22.209,84.552
22.329,82.573
23.663,87.158
23.672,86.395
23.678,86.102
23.783,85.567
24.929,84.147
20.969,85.123
20.972,85.124
21.101,72.631
21.8,82.042
17.957,80.781
12.853,79.908
22.477,90.71
23.58,86.727
23.664,87.158
23.671,86.109
23.783,85.565
24.163,82.629
24.164,82.629
24.324,81.327
20.863,84.986
20.963,85.193
20.963,85.161
17.51,78.432
13.086,79.978
15.112,76.806
24.192,82.582
22.327,82.572
27.222,95.347
23.679,86.071
23.776,85.996
24.168,82.625
22.064,83.704
22.332,82.573
24.162,82.627
24.163,82.626
15.11,76.805
15.176,77.104
20.764,85.297
22.576,85.898
31.329,76.897
31.617,74.377
25.03,87.377
25.035,87.377
28.07,77.857
22.576,85.897
22.8,86.211
22.801,86.206
24.146,82.633
24.166,82.627
19.098,82.171
21.755,84.028
29.374,91.151
24.184,82.664
24.929,84.15
22.32,82.538
22.329,82.572
17.956,80.788
12.857,79.908
13.392,80.104
17.959,80.784
22.33,82.573
25.034,87.378
23.553,86.54
23.663,87.159
23.664,87.155
24.159,82.608
25.029,87.377
25.034,87.369
26.761,83.206
20.962,86.016
21.696,84.034
21.923,85.224
22.329,82.574
22.335,82.575
22.81,86.084
32.11,74.181
21.757,83.847
20.961,85.013
20.972,85.123
21.755,83.845
22.035,83.74
22.063,83.705
22.217,84.866
23.581,86.726
23.661,87.157
17.605,83.188
15.011,76.898
15.177,77.099
24.328,81.325
24.329,81.326
24.33,81.33
21.792,80.016
22.336,82.573
24.142,82.632
24.167,82.622
23.162,82.343
24.162,82.628
24.164,82.622
24.166,82.629
24.168,82.622
24.689,73.005
14.876,78.051
22.319,82.539
24.159,82.666
29.375,91.154
26.771,94.506
20.782,85.259
20.962,86.001
17.605,83.197
17.608,83.196
24.167,82.628
24.167,82.625
20.763,85.3
20.972,86.014
20.984,85.133
21.884,83.551
21.941,81.982
22.018,82.18
22.334,82.573
22.577,85.898
18.715,79.539
19.11,73.053
13.395,80.078
13.555,77.015
20.953,86.043
24.162,82.629
32.101,74.173
23.663,87.156
23.726,86.45
24.164,82.625
24.165,82.629
24.168,82.626
24.168,82.621
24.184,82.662
20.356,72.951
21.214,82.138
15.183,76.67
17.605,83.187
21.08,85.044
22.035,83.739
22.319,82.54
22.573,85.899
23.729,86.446
24.165,82.611
24.182,82.653
24.184,82.661
20.355,72.949
21.434,72.974
15.11,76.807
17.607,83.187
20.974,85.125
22.574,85.899
25.036,87.376
22.32,82.539
19.101,73.049
